#ItemID,PictID,IconID,名前,種別ID,値段,重量,容量,装備時容量,憑依重量,修理,強化ID,処理フラグ0,Event,レシピ可,染色,ストック,両手,使用時消滅,色,耐久度,ＩＤ,初期スロット数,最大スロット数,イベントＩＤ,エフェクトＩＤ,発動Skill,使用可能Skill,パッシブスキル,憑依時可能Skill,憑依パッシブSkill,ターゲットタイプ,発動タイプ,射程,効果時間,効果範囲,効果次元,キャスト,ディレイ,HP上昇,MP上昇,SP上昇,最大重量上昇,最大容量上昇,移動力上昇,STR,MAG,VIT,DEX,AGI,INT,LUK,CHA,物理攻撃力(叩),物理攻撃力(斬),物理攻撃力(突),魔法攻撃力,物理防御力,魔法防御力,近命中力,遠命中力,魔法命中力,近回避力,遠回避力,魔回避力,クリ力,クリ回避,回復力,魔法回復力,無,火,水,風,土,光,闇,毒,石化,麻痺,睡眠,沈黙,鈍足,混乱,凍結,気絶,人間,天使,悪魔,その他,男,女,LV,装備可STR,装備可MAG,装備可VIT,装備可DEX,装備可AGI,装備可INT,装備可LUK,装備可CHA,ノービス,ソードマン,ブレマス,バウンテ,フェンサ,ナイト,ダークスト,スカウト,アサシン,コマンド,アーチャ,ストライ,ガンナー,ウィザ,ソーサラ,セージ,シャーマン,エレメン,エンチャン,ウァテス,ドルイド,バード,ウォーロ,カバリ,ネクロマ,タタラベ,ブラスミ,マシンナ,ファーマ,アルケミ,マリオネ,レンジャ,エクスプ,トレジャ,マーチャ,トレーダ,ギャンブラー,東軍,西軍,南軍,北軍,所属５,所属６,所属７,所属８,ブリーダー,ガーデナー,フラグ３,フラグ４,フラグ５,フラグ６,フラグ７,変身ＩＤ,封印モンＩＤ,片手モーションID,両手モーションID,右手憑依者モーション,左手憑依者モーション,胸アクセ憑依者モーション,鎧憑依者モーション,アイテム欄コメント,国内ITEM,国内ITEM2,LV,
50023380,50023350,50023351,レプリカ·カオスハット（薄紫）,HELM,30000,70,100,50,0,10047821,-1,0,0,0,0,0,0,0,0,8,0,0,0,0,0,0,0,0,0,0,NONE,NONE,0,0,0,0,0,0,0,0,0,0,0,0,0,0,0,0,0,0,0,0,0,0,0,0,6,11,0,0,0,0,0,0,0,0,0,0,0,0,0,0,0,0,1,0,0,0,0,0,0,0,0,0,1,1,1,0,1,1,55,0,0,0,0,0,0,0,0,0,0,0,0,0,0,0,0,0,0,0,0,0,0,0,0,0,0,0,0,0,0,1,1,1,0,0,0,0,0,0,0,0,0,0,0,0,1,1,1,1,1,1,1,1,1,0,1,1,1,1,1,0,0,0,0,0,0,0,0,頭部装備$R混沌の名を持つ$Rウォーロック用の帽子$R闇の力がアップする,0,1,55,
#アイテム名に国名を記入しないこと,
#29000000～29999999はＨＬ作成用海外アイテム,
29000000,0,29000000,ソンピョン,FOOD,0,20,10,0,0,-1,-1,0,0,0,0,1,0,1,0,0,0,0,0,0,4119,0,0,0,0,0,SELF,NONE,4,0,0,0,1500,0,30,30,30,0,0,0,0,0,0,0,0,0,0,0,0,0,0,0,0,0,0,0,0,0,0,0,0,0,0,0,0,0,0,0,0,0,0,0,0,0,0,0,0,0,0,0,0,0,0,0,0,0,0,0,0,0,0,0,0,0,0,0,0,0,0,0,0,0,0,0,0,0,0,0,0,0,0,0,0,0,0,0,0,0,0,0,0,0,0,0,0,0,0,0,0,0,0,0,0,0,0,0,0,0,0,0,0,0,0,0,0,0,0,0,0,0,0,0,0,0,0,食べ物$R食べるとHP、SP、MPが回復する$R韓国の伝統的なお餅,0,1,0,
29000100,0,29000100,moon cake,FOOD,0,20,10,0,0,-1,-1,0,0,0,0,1,0,1,0,0,0,0,0,0,4119,0,0,0,0,0,SELF,NONE,4,0,0,0,1500,0,200,50,50,0,0,0,0,0,0,0,0,0,0,0,0,0,0,0,0,0,0,0,0,0,0,0,0,0,0,0,0,0,0,0,0,0,0,0,0,0,0,0,0,0,0,0,0,0,0,0,0,0,0,0,0,0,0,0,0,0,0,0,0,0,0,0,0,0,0,0,0,0,0,0,0,0,0,0,0,0,0,0,0,0,0,0,0,0,0,0,0,0,0,0,0,0,0,0,0,0,0,0,0,0,0,0,0,0,0,0,0,0,0,0,0,0,0,0,0,0,0,食べ物$R食べるとHP、SP、MPが回復する$R秋夕に楽しむおいしい月餠,0,1,0,#お月見,
29000200,0,29000200,super moon cake,FOOD,0,20,10,0,0,-1,-1,0,0,0,0,1,0,1,0,0,0,0,0,0,4119,0,0,0,0,0,SELF,NONE,4,0,0,0,1500,0,9999,999,999,0,0,0,0,0,0,0,0,0,0,0,0,0,0,0,0,0,0,0,0,0,0,0,0,0,0,0,0,0,0,0,0,0,0,100,100,100,100,100,100,100,100,100,0,0,0,0,0,0,0,0,0,0,0,0,0,0,0,0,0,0,0,0,0,0,0,0,0,0,0,0,0,0,0,0,0,0,0,0,0,0,0,0,0,0,0,0,0,0,0,0,0,0,0,0,0,0,0,0,0,0,0,0,0,0,0,0,0,0,0,0,0,0,0,0,0,0,0,食べ物$R食べると異常ステータスの治癒$Rおよび HP MPH SPCを全回復する$R秋夕に楽しむおいしい月餠,0,1,0,#お月見,
29000300,29000300,29000300,伝統衣装,OVERALLS,0,120,140,70,0,10047820,-1,0,0,0,0,0,0,0,0,10,0,0,0,0,0,0,0,0,0,0,NONE,NONE,0,0,0,0,0,0,0,0,0,0,0,0,0,0,0,0,0,0,0,0,0,0,0,0,15,15,0,0,0,0,0,0,0,0,0,0,0,0,0,0,0,0,0,0,0,0,0,0,0,0,0,0,1,1,1,0,1,1,1,0,0,0,0,0,0,0,0,1,1,1,1,1,1,1,1,1,1,1,1,1,1,1,1,1,1,1,1,1,1,1,1,1,1,1,1,1,1,1,1,1,1,1,1,1,1,1,1,1,1,1,1,1,1,1,1,1,1,1,1,0,0,0,0,0,0,0,0,全身装備$Rタイ伝統衣装,0,1,1,#タイ民族衣装,
29000400,29000400,29000400,伝統衣装(男性)♂,OVERALLS,0,80,120,60,0,10047820,-1,0,0,0,0,0,0,0,0,10,0,0,0,0,0,0,0,0,0,0,NONE,NONE,0,0,0,0,0,0,0,0,0,0,0,0,0,0,0,0,0,0,0,0,0,0,0,0,15,15,0,0,0,0,0,0,0,0,0,0,0,0,0,0,0,0,0,0,0,0,0,0,0,0,0,0,1,1,1,0,1,0,1,0,0,0,0,0,0,0,0,1,1,1,1,1,1,1,1,1,1,1,1,1,1,1,1,1,1,1,1,1,1,1,1,1,1,1,1,1,1,1,1,1,1,1,1,1,1,1,1,1,1,1,1,1,1,1,1,1,1,1,1,0,0,0,0,0,0,0,0,全身装備、男性専用$Rタイの男性用伝統衣装,0,1,1,#タイ民族衣装,
29000500,29000500,29000500,伝統衣装(女) ♀,ONEPIECE,0,120,140,70,0,10047820,-1,0,0,0,0,0,0,0,0,10,0,0,0,0,0,0,0,0,0,0,NONE,NONE,0,0,0,0,0,0,0,0,0,0,0,0,0,0,0,0,0,0,0,0,0,0,0,0,15,15,0,0,0,0,0,0,0,0,0,0,0,0,0,0,0,0,0,0,0,0,0,0,0,0,0,0,1,1,1,0,0,1,1,0,0,0,0,0,0,0,0,1,1,1,1,1,1,1,1,1,1,1,1,1,1,1,1,1,1,1,1,1,1,1,1,1,1,1,1,1,1,1,1,1,1,1,1,1,1,1,1,1,1,1,1,1,1,1,1,1,1,1,1,0,0,0,0,0,0,0,0,全身装備、女性専用$Rタイの女性用伝統衣装,0,1,1,#タイ民族衣装,
29000600,29000600,29000600,Krathong Hat,ACCESORY_HEAD,0,80,80,40,0,10047810,-1,0,0,0,0,0,0,0,0,3,0,0,0,0,0,0,0,0,0,0,NONE,NONE,0,0,0,0,0,0,0,0,0,0,0,0,0,0,0,0,0,0,0,0,0,0,0,0,5,5,0,0,0,0,0,0,0,0,0,0,0,0,0,0,0,0,0,0,0,0,0,0,0,0,0,0,1,1,1,0,1,1,1,0,0,0,0,0,0,0,0,1,1,1,1,1,1,1,1,1,1,1,1,1,1,1,1,1,1,1,1,1,1,1,1,1,1,1,1,1,1,1,1,1,1,1,1,1,1,1,1,1,1,1,1,1,1,1,1,1,1,1,1,0,0,0,0,0,0,0,0,頭部アクセサリー装備$Rバナナの葉っぱで作った$R「蓮華」の形をしている帽子,0,1,1,
29000700,0,29000700,Krathong,NONE,0,30,50,0,0,-1,-1,0,0,0,0,1,0,0,0,0,0,0,0,0,0,0,0,0,0,0,NONE,NONE,0,0,0,0,0,0,0,0,0,0,0,0,0,0,0,0,0,0,0,0,0,0,0,0,0,0,0,0,0,0,0,0,0,0,0,0,0,0,0,0,0,0,0,0,0,0,0,0,0,0,0,0,0,0,0,0,0,0,0,0,0,0,0,0,0,0,0,0,0,0,0,0,0,0,0,0,0,0,0,0,0,0,0,0,0,0,0,0,0,0,0,0,0,0,0,0,0,0,0,0,0,0,0,0,0,0,0,0,0,0,0,0,0,0,0,0,0,0,0,0,0,0,0,0,0,0,0,バナナの葉っぱで作った$R「蓮華」の形をしている皿,0,1,1,
29000800,29000800,29000800,ナレスアン王ファイター兜♂,HELM,0,80,80,40,0,10047800,-1,0,0,0,0,0,0,0,0,3,0,0,0,0,0,0,0,0,0,0,NONE,NONE,0,0,0,0,0,0,0,0,0,0,0,0,0,0,0,0,0,0,0,0,0,0,0,0,5,5,0,0,0,0,0,0,0,0,0,0,0,0,0,0,0,0,0,0,0,0,0,0,0,0,0,0,1,1,1,0,1,0,1,0,0,0,0,0,0,0,0,1,1,1,1,1,1,1,1,1,1,1,1,1,1,1,1,1,1,1,1,1,1,1,1,1,1,1,1,1,1,1,1,1,1,1,1,1,1,1,1,1,1,1,1,1,1,1,1,1,1,1,1,0,0,0,0,0,0,0,0,頭部装備、男性専用$Rナレスアン王記念防具,0,1,1,
29000900,29000900,29000900,ナレスアン王ファイター兜♀,HELM,0,80,80,40,0,10047820,-1,0,0,0,0,0,0,0,0,3,0,0,0,0,0,0,0,0,0,0,NONE,NONE,0,0,0,0,0,0,0,0,0,0,0,0,0,0,0,0,0,0,0,0,0,0,0,0,5,5,0,0,0,0,0,0,0,0,0,0,0,0,0,0,0,0,0,0,0,0,0,0,0,0,0,0,1,1,1,0,0,1,1,0,0,0,0,0,0,0,0,1,1,1,1,1,1,1,1,1,1,1,1,1,1,1,1,1,1,1,1,1,1,1,1,1,1,1,1,1,1,1,1,1,1,1,1,1,1,1,1,1,1,1,1,1,1,1,1,1,1,1,1,0,0,0,0,0,0,0,0,頭部装備、女性専用$Rナレスアン王記念防具,0,1,1,
29001000,29001000,29001000,ナレスアン王バックパック兜,HELM,0,80,80,40,0,10047800,-1,0,0,0,0,0,0,0,0,3,0,0,0,0,0,0,0,0,0,0,NONE,NONE,0,0,0,0,0,0,0,0,0,0,0,0,0,0,0,0,0,0,0,0,0,0,0,0,5,5,0,0,0,0,0,0,0,0,0,0,0,0,0,0,0,0,0,0,0,0,0,0,0,0,0,0,1,1,1,0,1,1,1,0,0,0,0,0,0,0,0,1,1,1,1,1,1,1,1,1,1,1,1,1,1,1,1,1,1,1,1,1,1,1,1,1,1,1,1,1,1,1,1,1,1,1,1,1,1,1,1,1,1,1,1,1,1,1,1,1,1,1,1,0,0,0,0,0,0,0,0,頭部装備$Rナレスアン王記念防具,0,1,1,
29001100,29001100,29001100,ナレスアン王ファイター鎧,ARMOR_UPPER,0,150,120,60,0,10047800,-1,0,0,0,0,0,0,0,0,10,0,0,0,0,0,0,0,0,0,0,NONE,NONE,0,0,0,0,0,0,0,0,10,0,0,0,0,0,0,0,0,0,0,0,0,0,0,0,27,23,0,0,0,0,0,0,0,0,0,0,0,0,0,0,0,0,0,0,0,0,0,0,0,0,0,0,1,1,1,0,1,1,1,0,0,0,0,0,0,0,0,1,1,1,1,1,1,1,1,1,1,1,1,1,1,1,1,1,1,1,1,1,1,1,1,1,1,1,1,1,1,1,1,1,1,1,1,1,1,1,1,1,1,1,1,1,1,1,1,1,1,1,1,0,0,0,0,0,0,0,0,上半身装備$Rナレスアン王記念防具,0,1,1,
29001200,29001200,29001200,ナレスアン王スペルユーザー鎧,ARMOR_UPPER,0,80,100,50,0,10047820,-1,0,0,0,0,0,0,0,0,10,0,0,0,0,0,0,0,0,0,0,NONE,NONE,0,0,0,0,0,0,0,10,0,0,0,0,0,0,0,0,0,0,0,0,0,0,0,0,20,28,0,0,0,0,0,0,0,0,0,0,0,0,0,0,0,0,0,0,0,0,0,0,0,0,0,0,1,1,1,0,1,1,1,0,0,0,0,0,0,0,0,1,1,1,1,1,1,1,1,1,1,1,1,1,1,1,1,1,1,1,1,1,1,1,1,1,1,1,1,1,1,1,1,1,1,1,1,1,1,1,1,1,1,1,1,1,1,1,1,1,1,1,1,0,0,0,0,0,0,0,0,上半身装備$Rナレスアン王記念防具,0,1,1,
29001300,29001300,29001300,ナレスアン王バックパッカー鎧,ARMOR_UPPER,0,80,100,50,0,10047820,-1,0,0,0,0,0,0,0,0,10,0,0,0,0,0,0,0,0,0,0,NONE,NONE,0,0,0,0,0,0,10,0,0,0,0,0,0,0,0,0,0,0,0,0,0,0,0,0,25,25,0,0,0,0,0,0,0,0,0,0,0,0,0,0,0,0,0,0,0,0,0,0,0,0,0,0,1,1,1,0,1,1,1,0,0,0,0,0,0,0,0,1,1,1,1,1,1,1,1,1,1,1,1,1,1,1,1,1,1,1,1,1,1,1,1,1,1,1,1,1,1,1,1,1,1,1,1,1,1,1,1,1,1,1,1,1,1,1,1,1,1,1,1,0,0,0,0,0,0,0,0,上半身装備$Rナレスアン王記念防具,0,1,1,
29001305,29001305,29001305,タイバックパッカー鎧♂,ARMOR_UPPER,0,80,100,50,0,10047820,-1,0,0,0,0,0,0,0,0,20,0,0,0,0,0,0,0,0,0,0,NONE,NONE,0,0,0,0,0,0,0,0,0,0,0,0,0,0,0,0,0,0,0,0,0,0,0,0,34,34,0,0,0,0,0,0,0,0,0,0,0,0,0,0,0,0,0,0,0,0,0,0,0,0,0,0,1,1,1,0,1,0,1,0,0,0,0,0,0,0,0,0,0,0,0,0,0,0,0,0,0,0,0,0,0,0,0,0,0,0,0,0,0,0,0,0,1,1,1,1,1,1,1,1,1,1,1,1,1,1,1,1,1,1,1,1,1,1,1,1,1,1,1,0,0,0,0,0,0,0,0,上半身装備、男性専用$Rバックパッカー系専用のアーマー$R昔のタイ軍人の鎧,0,1,1,
29001400,29001400,29001400,ナレスアン王剣,SWORD,0,150,80,80,0,10047800,-1,0,0,0,0,0,0,0,0,10,0,0,0,0,0,0,0,0,0,0,NONE,NONE,1,0,0,0,0,0,0,0,0,0,0,0,0,0,0,0,0,0,0,0,15,25,20,0,0,0,0,0,0,0,0,0,0,0,0,0,0,0,0,0,0,0,0,0,0,0,0,0,0,0,0,0,1,1,1,0,1,1,1,0,0,0,0,0,0,0,0,1,1,1,1,1,1,1,1,1,1,1,1,1,1,1,1,1,1,1,1,1,1,1,1,1,1,1,1,1,1,1,1,1,1,1,1,1,1,1,1,1,1,1,1,1,1,1,1,1,1,1,1,0,0,2,0,0,0,0,0,ロングソードの一種、右手装備$Rナレスアン王記念防具,0,1,1,
29001500,29001500,29001500,ナレスアン王スタッフ,STAFF,0,80,80,80,0,10047800,-1,0,0,0,0,0,0,0,0,10,0,0,0,0,0,0,0,0,0,0,NONE,NONE,1,0,0,0,0,0,0,0,0,0,0,0,0,0,0,0,0,0,0,0,10,0,0,25,0,0,0,0,0,0,0,0,0,0,0,0,0,0,0,0,0,0,0,0,0,0,0,0,0,0,0,0,1,1,1,0,1,1,1,0,0,0,0,0,0,0,0,1,1,1,1,1,1,1,1,1,1,1,1,1,1,1,1,1,1,1,1,1,1,1,1,1,1,1,1,1,1,1,1,1,1,1,1,1,1,1,1,1,1,1,1,1,1,1,1,1,1,1,1,0,0,11,0,0,0,0,0,杖の一種、右手装備$Rナレスアン王記念防具,0,1,1,
29001600,29001600,29001600,ナレスアン王斧,AXE,0,120,60,60,0,10047800,-1,0,0,0,0,0,0,0,0,10,0,0,0,0,0,0,0,0,0,0,NONE,NONE,1,0,0,0,0,0,0,0,0,0,0,0,0,0,0,0,0,0,0,0,20,25,15,0,0,0,0,0,0,0,0,0,0,0,0,0,0,0,0,0,0,0,0,0,0,0,0,0,0,0,0,0,1,1,1,0,1,1,1,0,0,0,0,0,0,0,0,1,1,1,1,1,1,1,1,1,1,1,1,1,1,1,1,1,1,1,1,1,1,1,1,1,1,1,1,1,1,1,1,1,1,1,1,1,1,1,1,1,1,1,1,1,1,1,1,1,1,1,1,0,0,7,0,0,0,0,0,アックスの一種、右手装備$Rナレスアン王記念防具,0,1,6,
29001700,0,29001700,ITEM強化の初期化,USE,0,0,0,0,0,-1,-1,0,0,0,0,0,0,0,0,0,0,0,0,90000133,0,0,0,0,0,0,SELF,NONE,0,0,0,0,0,0,0,0,0,0,0,0,0,0,0,0,0,0,0,0,0,0,0,0,0,0,0,0,0,0,0,0,0,0,0,0,0,0,0,0,0,0,0,0,0,0,0,0,0,0,0,0,0,0,0,0,0,0,0,0,0,0,0,0,0,0,0,0,0,0,0,0,0,0,0,0,0,0,0,0,0,0,0,0,0,0,0,0,0,0,0,0,0,0,0,0,0,0,0,0,0,0,0,0,0,0,0,0,0,0,0,0,0,0,0,0,0,0,0,0,0,0,0,0,0,0,0,既に強化されたITEMを元の状態に戻す,0,1,1,
29001800,0,29001800,体力強化(中）,USE,0,0,0,0,0,-1,-1,0,0,0,0,1,0,0,0,0,0,0,0,90000134,0,0,0,0,0,0,SELF,NONE,0,0,0,0,0,0,150,0,0,0,0,0,0,0,0,0,0,0,0,0,0,0,0,0,0,0,0,0,0,0,0,0,0,0,0,0,0,0,0,0,0,0,0,0,0,0,0,0,0,0,0,0,0,0,0,0,0,0,0,0,0,0,0,0,0,0,0,0,0,0,0,0,0,0,0,0,0,0,0,0,0,0,0,0,0,0,0,0,0,0,0,0,0,0,0,0,0,0,0,0,0,0,0,0,0,0,0,0,0,0,0,0,0,0,0,0,0,0,0,0,0,0,0,0,0,0,0,30分間、HPの増加$RHP+150,0,1,
29001801,0,29001800,体力強化(大）,USE,0,0,0,0,0,-1,-1,0,0,0,0,1,0,0,0,0,0,0,0,90000135,0,0,0,0,0,0,SELF,NONE,0,0,0,0,0,0,250,0,0,0,0,0,0,0,0,0,0,0,0,0,0,0,0,0,0,0,0,0,0,0,0,0,0,0,0,0,0,0,0,0,0,0,0,0,0,0,0,0,0,0,0,0,0,0,0,0,0,0,0,0,0,0,0,0,0,0,0,0,0,0,0,0,0,0,0,0,0,0,0,0,0,0,0,0,0,0,0,0,0,0,0,0,0,0,0,0,0,0,0,0,0,0,0,0,0,0,0,0,0,0,0,0,0,0,0,0,0,0,0,0,0,0,0,0,0,0,0,30分間、HPの増加$RHP+250,0,1,
29001900,0,29001900,魔力強化(中）,USE,0,0,0,0,0,-1,-1,0,0,0,0,1,0,0,0,0,0,0,0,90000136,0,0,0,0,0,0,SELF,NONE,0,0,0,0,0,0,0,100,0,0,0,0,0,0,0,0,0,0,0,0,0,0,0,0,0,0,0,0,0,0,0,0,0,0,0,0,0,0,0,0,0,0,0,0,0,0,0,0,0,0,0,0,0,0,0,0,0,0,0,0,0,0,0,0,0,0,0,0,0,0,0,0,0,0,0,0,0,0,0,0,0,0,0,0,0,0,0,0,0,0,0,0,0,0,0,0,0,0,0,0,0,0,0,0,0,0,0,0,0,0,0,0,0,0,0,0,0,0,0,0,0,0,0,0,0,0,0,30分間、MPの増加$RMP+100,0,1,
29001901,0,29001900,魔力強化(大）,USE,0,0,0,0,0,-1,-1,0,0,0,0,1,0,0,0,0,0,0,0,90000137,0,0,0,0,0,0,SELF,NONE,0,0,0,0,0,0,0,200,0,0,0,0,0,0,0,0,0,0,0,0,0,0,0,0,0,0,0,0,0,0,0,0,0,0,0,0,0,0,0,0,0,0,0,0,0,0,0,0,0,0,0,0,0,0,0,0,0,0,0,0,0,0,0,0,0,0,0,0,0,0,0,0,0,0,0,0,0,0,0,0,0,0,0,0,0,0,0,0,0,0,0,0,0,0,0,0,0,0,0,0,0,0,0,0,0,0,0,0,0,0,0,0,0,0,0,0,0,0,0,0,0,0,0,0,0,0,0,30分間、MPの増加$RMP+200,0,1,
29002000,0,29002000,気力強化(中）,USE,0,0,0,0,0,-1,-1,0,0,0,0,1,0,0,0,0,0,0,0,90000138,0,0,0,0,0,0,SELF,NONE,0,0,0,0,0,0,0,0,100,0,0,0,0,0,0,0,0,0,0,0,0,0,0,0,0,0,0,0,0,0,0,0,0,0,0,0,0,0,0,0,0,0,0,0,0,0,0,0,0,0,0,0,0,0,0,0,0,0,0,0,0,0,0,0,0,0,0,0,0,0,0,0,0,0,0,0,0,0,0,0,0,0,0,0,0,0,0,0,0,0,0,0,0,0,0,0,0,0,0,0,0,0,0,0,0,0,0,0,0,0,0,0,0,0,0,0,0,0,0,0,0,0,0,0,0,0,0,30分間、SPの増加$RSP+100,0,1,
29002001,0,29002000,気力強化(大）,USE,0,0,0,0,0,-1,-1,0,0,0,0,1,0,0,0,0,0,0,0,90000139,0,0,0,0,0,0,SELF,NONE,0,0,0,0,0,0,0,0,200,0,0,0,0,0,0,0,0,0,0,0,0,0,0,0,0,0,0,0,0,0,0,0,0,0,0,0,0,0,0,0,0,0,0,0,0,0,0,0,0,0,0,0,0,0,0,0,0,0,0,0,0,0,0,0,0,0,0,0,0,0,0,0,0,0,0,0,0,0,0,0,0,0,0,0,0,0,0,0,0,0,0,0,0,0,0,0,0,0,0,0,0,0,0,0,0,0,0,0,0,0,0,0,0,0,0,0,0,0,0,0,0,0,0,0,0,0,0,30分間、SPの増加$RSP+200,0,1,
29002100,0,29002100,モンスター召還(低）,USE,0,0,0,0,0,-1,-1,0,0,0,0,1,0,0,0,0,0,0,0,90000140,0,0,0,0,0,0,COORDINATES,ONE,1,0,1,0,0,0,0,0,0,0,0,0,0,0,0,0,0,0,0,0,0,0,0,0,0,0,0,0,0,0,0,0,0,0,0,0,0,0,0,0,0,0,0,0,0,0,0,0,0,0,0,0,0,0,0,0,0,0,0,0,0,0,0,0,0,0,0,0,0,0,0,0,0,0,0,0,0,0,0,0,0,0,0,0,0,0,0,0,0,0,0,0,0,0,0,0,0,0,0,0,0,0,0,0,0,0,0,0,0,0,0,0,0,0,0,0,0,0,0,0,0,0,0,0,0,0,0,低レベルに分類されたモンスターの$R中でランダムで１匹を召還,0,1,6,
29002101,0,29002100,モンスター召還(中）,USE,0,0,0,0,0,-1,-1,0,0,0,0,1,0,0,0,0,0,0,0,90000141,0,0,0,0,0,0,COORDINATES,ONE,1,0,1,0,0,0,0,0,0,0,0,0,0,0,0,0,0,0,0,0,0,0,0,0,0,0,0,0,0,0,0,0,0,0,0,0,0,0,0,0,0,0,0,0,0,0,0,0,0,0,0,0,0,0,0,0,0,0,0,0,0,0,0,0,0,0,0,0,0,0,0,0,0,0,0,0,0,0,0,0,0,0,0,0,0,0,0,0,0,0,0,0,0,0,0,0,0,0,0,0,0,0,0,0,0,0,0,0,0,0,0,0,0,0,0,0,0,0,0,0,0,0,0,0,0,0,0,中レベルに分類されたモンスターの$R中でランダムで１匹を召還,0,1,6,
29002102,0,29002100,モンスター召還(高）,USE,0,0,0,0,0,-1,-1,0,0,0,0,1,0,0,0,0,0,0,0,90000142,0,0,0,0,0,0,COORDINATES,ONE,1,0,1,0,0,0,0,0,0,0,0,0,0,0,0,0,0,0,0,0,0,0,0,0,0,0,0,0,0,0,0,0,0,0,0,0,0,0,0,0,0,0,0,0,0,0,0,0,0,0,0,0,0,0,0,0,0,0,0,0,0,0,0,0,0,0,0,0,0,0,0,0,0,0,0,0,0,0,0,0,0,0,0,0,0,0,0,0,0,0,0,0,0,0,0,0,0,0,0,0,0,0,0,0,0,0,0,0,0,0,0,0,0,0,0,0,0,0,0,0,0,0,0,0,0,0,0,高レベルに分類されたモンスターの$R中でランダムで１匹を召還,0,1,6,
29002200,29002200,29002200,Dad Shirt for boy♂（黄）,ARMOR_UPPER,0,80,100,50,0,10047820,-1,0,0,0,0,0,0,0,0,10,0,0,0,0,0,0,0,0,0,0,NONE,NONE,0,0,0,0,0,0,0,0,0,0,0,0,0,0,0,0,0,0,0,0,0,0,0,0,25,25,0,0,0,0,0,0,0,0,0,0,0,0,0,0,5,0,0,0,0,0,0,0,0,0,0,0,1,1,1,0,1,0,1,0,0,0,0,0,0,0,0,1,1,1,1,1,1,1,1,1,1,1,1,1,1,1,1,1,1,1,1,1,1,1,1,1,1,1,1,1,1,1,1,1,1,1,1,1,1,1,1,1,1,1,1,1,1,1,1,1,1,1,1,0,0,0,0,0,0,0,0,上半身装備、男性専用$R父の日用のポロシャツ,0,1,1,
29002201,29002201,29002201,Mom Shirt for boy♂,ARMOR_UPPER,0,80,100,50,0,10047820,-1,0,0,0,0,0,0,0,0,10,0,0,0,0,0,0,0,0,0,0,NONE,NONE,0,0,0,0,0,0,0,0,0,0,0,0,0,0,0,0,0,0,0,0,0,0,0,0,20,20,0,0,0,0,0,0,0,0,0,0,0,0,5,0,0,0,0,0,0,0,0,0,0,0,0,0,1,1,1,0,1,0,1,0,0,0,0,0,0,0,0,1,1,1,1,1,1,1,1,1,1,1,1,1,1,1,1,1,1,1,1,1,1,1,1,1,1,1,1,1,1,1,1,1,1,1,1,1,1,1,1,1,1,1,1,1,1,1,1,1,1,1,1,0,0,0,0,0,0,0,0,上半身装備、男性専用$R父の日用のポロシャツ,0,1,1,
29002202,29002202,29002200,Dad Shirt for boy♂（ピンク）,ARMOR_UPPER,0,80,100,50,0,10047820,-1,0,0,0,0,0,0,0,0,10,0,0,0,0,0,0,0,0,0,0,NONE,NONE,0,0,0,0,0,0,0,0,0,0,0,0,0,0,0,0,0,0,0,0,0,0,0,0,25,25,0,0,0,0,0,0,0,0,0,0,0,0,0,0,5,0,0,0,0,0,0,0,0,0,0,0,1,1,1,0,1,0,1,0,0,0,0,0,0,0,0,1,1,1,1,1,1,1,1,1,1,1,1,1,1,1,1,1,1,1,1,1,1,1,1,1,1,1,1,1,1,1,1,1,1,1,1,1,1,1,1,1,1,1,1,1,1,1,1,1,1,1,1,0,0,0,0,0,0,0,0,上半身装備、男性専用$R父の日用のポロシャツ,0,1,1,
29002300,29002300,29002300,Dad Shirt for girl♀（黄）,ARMOR_UPPER,0,80,100,50,0,10047820,-1,0,0,0,0,0,0,0,0,10,0,0,0,0,0,0,0,0,0,0,NONE,NONE,0,0,0,0,0,0,0,0,0,0,0,0,0,0,0,0,0,0,0,0,0,0,0,0,25,25,0,0,0,0,0,0,0,0,0,0,0,0,0,0,5,0,0,0,0,0,0,0,0,0,0,0,1,1,1,0,0,1,1,0,0,0,0,0,0,0,0,1,1,1,1,1,1,1,1,1,1,1,1,1,1,1,1,1,1,1,1,1,1,1,1,1,1,1,1,1,1,1,1,1,1,1,1,1,1,1,1,1,1,1,1,1,1,1,1,1,1,1,1,0,0,0,0,0,0,0,0,上半身装備、女性専用$R父の日用のポロシャツ,0,1,1,
29002301,29002301,29002301,Mom Shirt for girl♀,ARMOR_UPPER,0,80,100,50,0,10047820,-1,0,0,0,0,0,0,0,0,10,0,0,0,0,0,0,0,0,0,0,NONE,NONE,0,0,0,0,0,0,0,0,0,0,0,0,0,0,0,0,0,0,0,0,0,0,0,0,20,20,0,0,0,0,0,0,0,0,0,0,0,0,5,0,0,0,0,0,0,0,0,0,0,0,0,0,1,1,1,0,0,1,1,0,0,0,0,0,0,0,0,1,1,1,1,1,1,1,1,1,1,1,1,1,1,1,1,1,1,1,1,1,1,1,1,1,1,1,1,1,1,1,1,1,1,1,1,1,1,1,1,1,1,1,1,1,1,1,1,1,1,1,1,0,0,0,0,0,0,0,0,上半身装備、女性専用$R父の日用のポロシャツ,0,1,1,
29002302,29002302,29002300,Dad Shirt for girl♀（ピンク）,ARMOR_UPPER,0,80,100,50,0,10047820,-1,0,0,0,0,0,0,0,0,10,0,0,0,0,0,0,0,0,0,0,NONE,NONE,0,0,0,0,0,0,0,0,0,0,0,0,0,0,0,0,0,0,0,0,0,0,0,0,25,25,0,0,0,0,0,0,0,0,0,0,0,0,0,0,5,0,0,0,0,0,0,0,0,0,0,0,1,1,1,0,0,1,1,0,0,0,0,0,0,0,0,1,1,1,1,1,1,1,1,1,1,1,1,1,1,1,1,1,1,1,1,1,1,1,1,1,1,1,1,1,1,1,1,1,1,1,1,1,1,1,1,1,1,1,1,1,1,1,1,1,1,1,1,0,0,0,0,0,0,0,0,上半身装備、女性専用$R父の日用のポロシャツ,0,1,1,
29002400,29002400,50053400,のぼりLove Dad(黄),ACCESORY_NECK,0,30,30,30,0,10047810,-1,0,0,0,0,0,0,0,0,5,0,0,0,0,0,0,0,0,0,0,NONE,NONE,0,0,0,0,0,0,0,0,0,0,0,0,0,0,0,0,0,0,0,0,10,10,10,10,10,10,10,10,0,10,10,10,0,0,0,0,0,0,0,0,0,0,0,0,0,0,0,0,0,0,0,0,1,1,1,0,1,1,1,0,0,0,0,0,0,0,0,1,1,1,1,1,1,1,1,1,1,1,1,1,1,1,1,1,1,1,1,1,1,1,1,1,1,1,1,1,1,1,1,1,1,1,1,1,1,1,1,1,1,1,1,1,0,1,1,1,1,1,1,0,0,0,0,0,0,0,0,胸アクセサリー装備$R文字や絵などが描いてあるのぼり,0,1,1,
29002401,29002401,50053400,のぼりLove Mom,ACCESORY_NECK,0,30,30,30,0,10047810,-1,0,0,0,0,0,0,0,0,5,0,0,0,0,0,0,0,0,0,0,NONE,NONE,0,0,0,0,0,0,0,0,0,0,0,0,0,0,0,0,0,0,0,0,5,5,5,5,5,5,5,5,0,5,5,5,0,0,0,0,0,0,0,0,0,0,0,0,0,0,0,0,0,0,0,0,1,1,1,0,1,1,1,0,0,0,0,0,0,0,0,1,1,1,1,1,1,1,1,1,1,1,1,1,1,1,1,1,1,1,1,1,1,1,1,1,1,1,1,1,1,1,1,1,1,1,1,1,1,1,1,1,1,1,1,1,0,1,1,1,1,1,1,0,0,0,0,0,0,0,0,胸アクセサリー装備$R文字や絵などが描いてあるのぼり,0,1,1,
29002402,29002402,50053400,のぼりLove Dad(ピンク),ACCESORY_NECK,0,30,30,30,0,10047810,-1,0,0,0,0,0,0,0,0,5,0,0,0,0,0,0,0,0,0,0,NONE,NONE,0,0,0,0,0,0,0,0,0,0,0,0,0,0,0,0,0,0,0,0,10,10,10,10,10,10,10,10,0,10,10,10,0,0,0,0,0,0,0,0,0,0,0,0,0,0,0,0,0,0,0,0,1,1,1,0,1,1,1,0,0,0,0,0,0,0,0,1,1,1,1,1,1,1,1,1,1,1,1,1,1,1,1,1,1,1,1,1,1,1,1,1,1,1,1,1,1,1,1,1,1,1,1,1,1,1,1,1,1,1,1,1,0,1,1,1,1,1,1,0,0,0,0,0,0,0,0,胸アクセサリー装備$R文字や絵などが描いてあるのぼり,0,1,1,
29002500,29002500,29002500,韓服上♂,ARMOR_UPPER,0,100,100,50,0,10047820,-1,0,0,0,0,0,0,0,0,10,0,0,0,0,0,0,0,0,0,0,NONE,NONE,0,0,0,0,0,0,0,0,0,0,0,0,2,0,0,0,0,0,0,0,0,0,0,0,0,0,0,0,0,0,0,0,0,0,0,0,0,0,0,0,0,0,0,0,0,0,0,0,0,0,0,0,1,1,1,0,1,0,1,0,0,0,0,0,0,0,0,1,1,1,1,1,1,1,1,1,1,1,1,1,1,1,1,1,1,1,1,1,1,1,1,1,1,1,1,1,1,1,1,1,1,1,1,1,1,1,1,1,1,1,1,1,1,1,1,1,1,1,1,0,0,0,0,0,0,0,0,上半身装備、男性専用$R韓国の民族衣装,0,1,1,
29002600,29002600,29002600,韓服下♂,SLACKS,0,40,40,20,0,10047820,-1,0,0,0,0,0,0,0,0,10,0,0,0,0,0,0,0,0,0,0,NONE,NONE,0,0,0,0,0,0,0,0,0,0,0,0,1,0,0,0,0,0,0,0,0,0,0,0,0,0,0,0,0,0,0,0,0,0,0,0,0,0,0,0,0,0,0,0,0,0,0,0,0,0,0,0,1,1,1,0,1,0,1,0,0,0,0,0,0,0,0,1,1,1,1,1,1,1,1,1,1,1,1,1,1,1,1,1,1,1,1,1,1,1,1,1,1,1,1,1,1,1,1,1,1,1,1,1,1,1,1,1,1,1,1,1,1,1,1,1,1,1,1,0,0,0,0,0,0,0,0,下半身装備、男性専用$R韓国の民族衣装,0,1,1,
29002700,29002700,29002700,韓服♀（エミル）,WEDDING,0,150,200,100,0,10047820,-1,0,0,0,0,0,0,0,0,10,0,0,0,0,0,0,0,0,0,0,NONE,NONE,0,0,0,0,0,0,0,0,0,0,0,-150,0,0,0,3,0,0,0,0,0,0,0,0,0,0,0,0,0,0,0,0,0,0,0,0,0,0,0,0,0,0,0,0,0,0,0,0,0,0,0,0,1,0,0,0,0,1,1,0,0,0,0,0,0,0,0,1,1,1,1,1,1,1,1,1,1,1,1,1,1,1,1,1,1,1,1,1,1,1,1,1,1,1,1,1,1,1,1,1,1,1,1,1,1,1,1,1,1,1,1,1,1,1,1,1,1,1,1,0,0,25,0,0,0,0,0,特殊装備、女性専用$Rエミル専用$R韓国の民族衣装,0,1,1,
29002701,29002701,29002700,韓服♀（タイタニア）,WEDDING,0,150,200,100,0,10047820,-1,0,0,0,0,0,0,0,0,10,0,0,0,0,0,0,0,0,0,0,NONE,NONE,0,0,0,0,0,0,0,0,0,0,0,-150,0,0,0,3,0,0,0,0,0,0,0,0,0,0,0,0,0,0,0,0,0,0,0,0,0,0,0,0,0,0,0,0,0,0,0,0,0,0,0,0,0,1,0,0,0,1,1,0,0,0,0,0,0,0,0,1,1,1,1,1,1,1,1,1,1,1,1,1,1,1,1,1,1,1,1,1,1,1,1,1,1,1,1,1,1,1,1,1,1,1,1,1,1,1,1,1,1,1,1,1,1,1,1,1,1,1,1,0,0,25,0,0,0,0,0,特殊装備、女性専用$Rタイタニア専用$R韓国の民族衣装,0,1,1,
29002702,29002702,29002700,韓服♀（ドミニオン）,WEDDING,0,150,200,100,0,10047820,-1,0,0,0,0,0,0,0,0,10,0,0,0,0,0,0,0,0,0,0,NONE,NONE,0,0,0,0,0,0,0,0,0,0,0,-150,0,0,0,3,0,0,0,0,0,0,0,0,0,0,0,0,0,0,0,0,0,0,0,0,0,0,0,0,0,0,0,0,0,0,0,0,0,0,0,0,0,0,1,0,0,1,1,0,0,0,0,0,0,0,0,1,1,1,1,1,1,1,1,1,1,1,1,1,1,1,1,1,1,1,1,1,1,1,1,1,1,1,1,1,1,1,1,1,1,1,1,1,1,1,1,1,1,1,1,1,1,1,1,1,1,1,1,0,0,25,0,0,0,0,0,特殊装備、女性専用$Rドミニオン専用$R韓国の民族衣装,0,1,1,
29002800,29002800,29002800,アヤム（赤）,ACCESORY_HEAD,0,80,80,40,0,10047820,-1,0,0,0,0,0,0,0,0,5,0,0,0,0,0,0,0,0,0,0,NONE,NONE,0,0,0,0,0,0,0,0,0,0,0,0,0,0,0,0,0,2,0,0,0,0,0,0,0,0,0,0,0,0,0,0,0,0,0,0,0,0,0,0,0,0,0,0,0,0,0,0,0,0,0,0,1,1,1,0,1,1,1,0,0,0,0,0,0,0,0,1,1,1,1,1,1,1,1,1,1,1,1,1,1,1,1,1,1,1,1,1,1,1,1,1,1,1,1,1,1,1,1,1,1,1,1,1,1,1,1,1,1,1,1,1,1,1,1,1,1,1,1,0,0,0,0,0,0,0,0,頭部アクセサリー装備$R韓国の民族衣装,0,1,1,
29002801,29002801,29002800,アヤム（黒）,ACCESORY_HEAD,0,80,80,40,0,10047820,-1,0,0,0,0,0,0,0,0,5,0,0,0,0,0,0,0,0,0,0,NONE,NONE,0,0,0,0,0,0,0,0,0,0,0,0,0,0,0,0,0,2,0,0,0,0,0,0,0,0,0,0,0,0,0,0,0,0,0,0,0,0,0,0,0,0,0,0,0,0,0,0,0,0,0,0,1,1,1,0,1,1,1,0,0,0,0,0,0,0,0,1,1,1,1,1,1,1,1,1,1,1,1,1,1,1,1,1,1,1,1,1,1,1,1,1,1,1,1,1,1,1,1,1,1,1,1,1,1,1,1,1,1,1,1,1,1,1,1,1,1,1,1,0,0,0,0,0,0,0,0,頭部アクセサリー装備$R韓国の民族衣装,0,1,1,
29002900,0,29002900,お雑煮,FOOD,0,20,10,0,0,-1,-1,0,0,0,0,1,0,1,0,0,0,0,0,0,4119,0,0,0,0,0,SELF,NONE,4,0,0,0,1500,0,200,0,0,0,0,0,0,0,0,0,0,0,0,0,0,0,0,0,0,0,0,0,0,0,0,0,0,0,0,0,0,0,0,0,0,0,0,0,0,0,0,0,0,0,0,0,0,0,0,0,0,0,0,0,0,0,0,0,0,0,0,0,0,0,0,0,0,0,0,0,0,0,0,0,0,0,0,0,0,0,0,0,0,0,0,0,0,0,0,0,0,0,0,0,0,0,0,0,0,0,0,0,0,0,0,0,0,0,0,0,0,0,0,0,0,0,0,0,0,0,0,食べ物$R食べるとHPが回復する$R韓国の伝統的なお雑煮,0,1,0,
29003000,0,29003000,韓菓,SCROLL,0,30,30,0,0,-1,-1,0,0,0,0,1,0,1,0,0,0,0,0,0,0,9400,0,0,0,0,SELF,ONE,-1,0,0,0,1500,0,0,0,0,0,0,0,0,0,0,0,0,0,0,0,0,0,0,0,0,0,0,0,0,0,0,0,0,0,0,0,0,0,0,0,0,0,0,0,0,0,0,0,0,0,0,0,0,0,0,0,0,0,0,0,0,0,0,0,0,0,0,0,0,0,0,0,0,0,0,0,0,0,0,0,0,0,0,0,0,0,0,0,0,0,0,0,0,0,0,0,0,0,0,0,0,0,0,0,0,0,0,0,0,0,0,0,0,0,0,0,0,0,0,0,0,0,0,0,0,0,0,韓国の伝統的なお菓子$R使用すると攻撃力$R魔法攻撃力が上昇する,0,1,0,
29003100,0,29003100,巾着袋,USE,0,100,100,0,0,-1,-1,0,1,0,0,0,0,0,0,0,0,0,0,90000143,4079,0,0,0,0,0,SELF,NONE,-1,0,0,0,0,0,0,0,0,0,0,0,0,0,0,0,0,0,0,0,0,0,0,0,0,0,0,0,0,0,0,0,0,0,0,0,0,0,0,0,0,0,0,0,0,0,0,0,0,0,0,0,0,0,0,0,0,0,0,0,0,0,0,0,0,0,0,0,0,0,0,0,0,0,0,0,0,0,0,0,0,0,0,0,0,0,0,0,0,0,0,0,0,0,0,0,0,0,0,0,0,0,0,0,0,0,0,0,0,0,0,0,0,0,0,0,0,0,0,0,0,0,0,0,0,0,0,プレゼント袋$R中に何が入っているかはお楽しみ$R使用すると中身が出てくるよ！,0,1,0,
29003200,29003200,29003200,Pae Yim Mask(M)♂,FULLFACE,0,55,70,40,0,10047820,-1,0,1,0,0,0,0,0,0,5,0,0,0,0,0,0,0,0,0,0,NONE,NONE,0,0,0,0,0,0,0,0,0,0,0,0,0,0,3,0,0,0,0,0,0,0,0,0,5,5,0,0,0,0,0,0,0,0,0,0,0,0,0,0,0,0,0,0,0,0,0,0,0,0,0,0,1,1,1,0,1,0,15,0,0,0,0,0,0,0,0,1,1,1,1,1,1,1,1,1,1,1,1,1,1,1,1,1,1,1,1,1,1,1,1,1,1,1,1,1,1,1,1,1,1,1,1,1,1,1,1,1,1,1,1,1,1,1,1,1,1,1,1,0,0,0,0,0,0,0,0,頭部装備、男性専用$R新年用アイテム,0,1,1,
29003250,29003250,29003250,Sim Yim Mask(W)♀,FULLFACE,0,55,70,40,0,10047820,-1,0,1,0,0,0,0,0,0,5,0,0,0,0,0,0,0,0,0,0,NONE,NONE,0,0,0,0,0,0,0,0,0,0,0,0,0,0,3,0,0,0,0,0,0,0,0,0,5,5,0,0,0,0,0,0,0,0,0,0,0,0,0,0,0,0,0,0,0,0,0,0,0,0,0,0,1,1,1,0,0,1,15,0,0,0,0,0,0,0,0,1,1,1,1,1,1,1,1,1,1,1,1,1,1,1,1,1,1,1,1,1,1,1,1,1,1,1,1,1,1,1,1,1,1,1,1,1,1,1,1,1,1,1,1,1,1,1,1,1,1,1,1,0,0,0,0,0,0,0,0,頭部装備、女性専用$R新年用アイテム,0,1,1,
29003300,0,29003300,Laisee,USE,0,10,10,0,0,-1,-1,0,1,0,0,0,0,0,0,0,0,0,0,90000144,4079,0,0,0,0,0,SELF,NONE,-1,0,0,0,0,0,0,0,0,0,0,0,0,0,0,0,0,0,0,0,0,0,0,0,0,0,0,0,0,0,0,0,0,0,0,0,0,0,0,0,0,0,0,0,0,0,0,0,0,0,0,0,0,0,0,0,0,0,0,0,0,0,0,0,0,0,0,0,0,0,0,0,0,0,0,0,0,0,0,0,0,0,0,0,0,0,0,0,0,0,0,0,0,0,0,0,0,0,0,0,0,0,0,0,0,0,0,0,0,0,0,0,0,0,0,0,0,0,0,0,0,0,0,0,0,0,0,使用すると中身が出てくる$R新年用アイテム,0,1,0,
29003400,50003755,50003700,Kakutoa Cloth (Red),ARMOR_UPPER,1000,50,70,60,0,10047820,-1,0,0,0,0,0,0,0,0,1,0,0,0,0,0,0,0,0,0,0,NONE,NONE,0,0,0,0,0,0,0,0,0,0,0,0,0,0,0,0,0,0,0,0,0,0,0,0,1,1,0,0,0,0,0,0,0,0,0,0,0,0,0,0,0,0,0,0,0,0,0,0,0,0,0,0,1,1,1,0,1,1,1,0,0,0,0,0,0,0,0,1,1,1,1,1,1,1,1,1,1,1,1,1,1,1,1,1,1,1,1,1,1,1,1,1,1,1,1,1,1,1,1,1,1,1,1,1,1,1,1,1,1,1,1,1,1,1,1,1,1,1,1,0,0,0,0,0,0,0,0,上半身装備$R格闘着（赤）のレプリカ,0,1,1,
29003500,50012255,50012200,Crook Pants (Red),SLACKS,1000,80,70,30,0,10047820,-1,0,0,0,0,0,0,0,0,1,0,0,0,0,0,0,0,0,0,0,NONE,NONE,0,0,0,0,0,0,0,0,0,0,0,0,0,0,0,0,0,0,0,0,0,0,0,0,1,1,0,0,0,0,0,0,0,0,0,0,0,0,0,0,0,0,0,0,0,0,0,0,0,0,0,0,1,1,1,0,1,1,1,0,0,0,0,0,0,0,0,1,1,1,1,1,1,1,1,1,1,1,1,1,1,1,1,1,1,1,1,1,1,1,1,1,1,1,1,1,1,1,1,1,1,1,1,1,1,1,1,1,1,1,1,1,1,1,1,1,1,1,1,0,0,0,0,0,0,0,0,下半身装備$R格闘ズボン（赤）のレプリカ,0,1,1,
29003600,29003600,29003600,Chinese Shoes♂,SHOES,0,50,80,50,0,10047820,-1,0,0,0,0,0,0,0,0,10,0,0,0,0,0,0,0,0,0,0,NONE,NONE,0,0,0,0,0,0,0,0,0,0,0,0,0,0,0,0,0,0,0,0,0,0,0,0,5,5,0,0,0,0,0,0,0,0,0,0,0,0,0,0,0,0,0,0,0,0,0,0,0,0,0,0,1,1,1,0,1,0,1,0,0,0,0,0,0,0,0,1,1,1,1,1,1,1,1,1,1,1,1,1,1,1,1,1,1,1,1,1,1,1,1,1,1,1,1,1,1,1,1,1,1,1,1,1,1,1,1,1,1,1,1,1,1,1,1,1,1,1,1,0,0,0,0,0,0,0,0,靴装備、男性専用$R中国の民族衣装,0,1,1,
29003650,29003650,29003650,Embroidery Shoes♀,SHOES,0,50,80,50,0,10047820,-1,0,0,0,0,0,0,0,0,10,0,0,0,0,0,0,0,0,0,0,NONE,NONE,0,0,0,0,0,0,0,0,0,0,0,0,0,0,0,0,0,0,0,0,0,0,0,0,5,5,0,0,0,0,0,0,0,0,0,0,0,0,0,0,0,0,0,0,0,0,0,0,0,0,0,0,1,1,1,0,0,1,1,0,0,0,0,0,0,0,0,1,1,1,1,1,1,1,1,1,1,1,1,1,1,1,1,1,1,1,1,1,1,1,1,1,1,1,1,1,1,1,1,1,1,1,1,1,1,1,1,1,1,1,1,1,1,1,1,1,1,1,1,0,0,0,0,0,0,0,0,靴装備、女性専用$R中国の民族衣装,0,1,1,
29003700,29003700,29003700,Noble Hat♂,HELM,0,80,80,40,0,10047800,-1,0,0,0,0,0,0,0,0,10,0,0,0,0,0,0,0,0,0,0,NONE,NONE,0,0,0,0,0,0,0,0,0,0,0,0,0,0,0,0,0,0,0,0,0,0,0,0,5,5,0,0,0,0,0,0,0,0,0,0,0,0,0,0,0,0,0,0,0,0,0,0,0,0,0,0,1,1,1,0,1,0,1,0,0,0,0,0,0,0,0,1,1,1,1,1,1,1,1,1,1,1,1,1,1,1,1,1,1,1,1,1,1,1,1,1,1,1,1,1,1,1,1,1,1,1,1,1,1,1,1,1,1,1,1,1,1,1,1,1,1,1,1,0,0,0,0,0,0,0,0,頭部装備、男性専用$R中国の民族衣装,0,1,1,
29003800,29003800,29003800,Shou Jacket♂,OVERALLS,0,100,100,50,0,10047820,-1,0,0,0,0,0,0,0,0,10,0,0,0,0,0,0,0,0,0,0,NONE,NONE,0,0,0,0,0,0,0,0,0,0,0,0,0,0,0,0,0,0,0,0,0,0,0,0,15,15,0,0,0,0,0,0,0,0,0,0,0,0,0,0,0,0,0,0,0,0,0,0,0,0,0,0,1,1,1,0,1,0,1,0,0,0,0,0,0,0,0,1,1,1,1,1,1,1,1,1,1,1,1,1,1,1,1,1,1,1,1,1,1,1,1,1,1,1,1,1,1,1,1,1,1,1,1,1,1,1,1,1,1,1,1,1,1,1,1,1,1,1,1,0,0,0,0,0,0,0,0,全身装備、男性専用$R中国の民族衣装,0,1,1,
29003900,29003900,29003900,Chinese Dress♀,ONEPIECE,0,100,100,50,0,10047820,-1,0,0,0,0,0,0,0,0,10,0,0,0,0,0,0,0,0,0,0,NONE,NONE,0,0,0,0,0,0,0,0,0,0,0,0,0,0,0,0,0,0,0,0,0,0,0,0,15,15,0,0,0,0,0,0,0,0,0,0,0,0,0,0,0,0,0,0,0,0,0,0,0,0,0,0,1,1,1,0,0,1,1,0,0,0,0,0,0,0,0,1,1,1,1,1,1,1,1,1,1,1,1,1,1,1,1,1,1,1,1,1,1,1,1,1,1,1,1,1,1,1,1,1,1,1,1,1,1,1,1,1,1,1,1,1,1,1,1,1,1,1,1,0,0,0,0,0,0,0,0,全身装備、女性専用$R中国の民族衣装,0,1,1,
29004000,29004000,29004000,Pretty Mongolian Girl Hat♀,HELM,0,80,80,40,0,10047800,-1,0,0,0,0,0,0,0,0,10,0,0,0,0,0,0,0,0,0,0,NONE,NONE,0,0,0,0,0,0,0,0,0,0,0,0,0,0,0,0,0,0,0,0,0,0,0,0,5,5,0,0,0,0,0,0,0,0,0,0,0,0,0,0,0,0,0,0,0,0,0,0,0,0,0,0,1,1,1,0,0,1,1,0,0,0,0,0,0,0,0,1,1,1,1,1,1,1,1,1,1,1,1,1,1,1,1,1,1,1,1,1,1,1,1,1,1,1,1,1,1,1,1,1,1,1,1,1,1,1,1,1,1,1,1,1,1,1,1,1,1,1,1,0,0,0,0,0,0,0,0,頭部装備、女性専用$R中国の民族衣装,0,1,1,
29004100,0,29004100,シツジ２,PET,0,30,30,0,0,-1,-1,0,0,0,0,0,0,0,0,30,0,0,0,0,0,0,6051,0,0,0,NONE,NONE,0,0,0,0,0,0,0,0,0,700,700,0,0,0,0,0,0,0,0,0,0,0,0,0,0,0,0,0,0,0,0,0,0,0,0,0,0,0,0,0,0,0,0,0,0,0,0,0,0,0,0,0,1,1,1,0,1,1,0,0,0,0,0,0,0,0,0,0,1,1,1,1,1,1,1,1,1,1,1,1,0,0,0,0,0,0,0,0,0,0,0,0,0,0,0,0,0,0,0,0,0,0,0,0,1,1,1,1,1,1,1,1,1,0,1,1,1,1,1,29004100,19010000,0,0,0,0,0,0,PET装備$Rファイター系専用$R人型男,0,1,0,
29004101,0,29004101,シツジ３,PET,0,30,30,0,0,-1,-1,0,0,0,0,0,0,0,0,30,0,0,0,0,0,0,6051,0,0,0,NONE,NONE,0,0,0,0,0,0,0,0,0,700,700,0,0,0,0,0,0,0,0,0,0,0,0,0,0,0,0,0,0,0,0,0,0,0,0,0,0,0,0,0,0,0,0,0,0,0,0,0,0,0,0,0,1,1,1,0,1,1,0,0,0,0,0,0,0,0,0,0,0,0,0,0,0,0,0,0,0,0,0,0,1,1,1,1,1,1,1,1,1,1,1,1,0,0,0,0,0,0,0,0,0,0,0,0,1,1,1,1,1,1,1,1,1,0,1,1,1,1,1,29004101,19010001,0,0,0,0,0,0,PET装備$Rスペルユーザー系専用$R人型男,0,1,0,
29004102,0,29004102,シツジ,PET,0,30,30,0,0,-1,-1,0,0,0,0,0,0,0,0,30,0,0,0,0,0,0,6051,0,0,0,NONE,NONE,0,0,0,0,0,0,0,0,0,1200,1200,0,0,0,0,0,0,0,0,0,0,0,0,0,0,0,0,0,0,0,0,0,0,0,0,0,0,0,0,0,0,0,0,0,0,0,0,0,0,0,0,0,1,1,1,0,1,1,0,0,0,0,0,0,0,0,0,0,0,0,0,0,0,0,0,0,0,0,0,0,0,0,0,0,0,0,0,0,0,0,0,0,1,1,1,1,1,1,1,1,1,1,1,1,1,1,1,1,1,1,1,1,1,1,1,1,1,1,1,29004102,19010002,0,0,0,0,0,0,PET装備$Rバックパッカー系専用$R人型男,0,1,0,
29004200,0,29004200,メイド２,PET,0,30,30,0,0,-1,-1,0,0,0,0,0,0,0,0,30,0,0,0,0,0,0,6051,0,0,0,NONE,NONE,0,0,0,0,0,0,0,0,0,700,700,0,0,0,0,0,0,0,0,0,0,0,0,0,0,0,0,0,0,0,0,0,0,0,0,0,0,0,0,0,0,0,0,0,0,0,0,0,0,0,0,0,1,1,1,0,1,1,0,0,0,0,0,0,0,0,0,0,1,1,1,1,1,1,1,1,1,1,1,1,0,0,0,0,0,0,0,0,0,0,0,0,0,0,0,0,0,0,0,0,0,0,0,0,1,1,1,1,1,1,1,1,1,0,1,1,1,1,1,29004200,19000000,0,0,0,0,0,0,PET装備$Rファイター系専用$R人型女,0,1,0,
29004201,0,29004201,メイド３,PET,0,30,30,0,0,-1,-1,0,0,0,0,0,0,0,0,30,0,0,0,0,0,0,6051,0,0,0,NONE,NONE,0,0,0,0,0,0,0,0,0,700,700,0,0,0,0,0,0,0,0,0,0,0,0,0,0,0,0,0,0,0,0,0,0,0,0,0,0,0,0,0,0,0,0,0,0,0,0,0,0,0,0,0,1,1,1,0,1,1,0,0,0,0,0,0,0,0,0,0,0,0,0,0,0,0,0,0,0,0,0,0,1,1,1,1,1,1,1,1,1,1,1,1,0,0,0,0,0,0,0,0,0,0,0,0,1,1,1,1,1,1,1,1,1,0,1,1,1,1,1,29004201,19000001,0,0,0,0,0,0,PET装備$Rスペルユーザー系専用$R人型女,0,1,0,
29004202,0,29004202,メイド,PET,0,30,30,0,0,-1,-1,0,0,0,0,0,0,0,0,30,0,0,0,0,0,0,6051,0,0,0,NONE,NONE,0,0,0,0,0,0,0,0,0,1200,1200,0,0,0,0,0,0,0,0,0,0,0,0,0,0,0,0,0,0,0,0,0,0,0,0,0,0,0,0,0,0,0,0,0,0,0,0,0,0,0,0,0,1,1,1,0,1,1,0,0,0,0,0,0,0,0,0,0,0,0,0,0,0,0,0,0,0,0,0,0,0,0,0,0,0,0,0,0,0,0,0,0,1,1,1,1,1,1,1,1,1,1,1,1,1,1,1,1,1,1,1,1,1,1,1,1,1,1,1,29004202,19000002,0,0,0,0,0,0,PET装備$Rバックパッカー系専用$R人型女,0,1,0,
29004300,0,29004300,Graze Pig,PET,0,30,30,0,0,-1,-1,0,0,0,0,0,0,0,0,30,0,0,0,0,0,0,6051,0,0,0,NONE,NONE,0,0,0,0,0,0,0,0,0,500,500,0,0,0,0,0,0,0,0,0,0,0,0,0,0,0,0,0,0,0,0,0,0,0,0,0,0,0,0,0,0,0,0,0,0,0,0,0,0,0,0,0,1,1,1,0,1,1,0,0,0,0,0,0,0,0,0,0,1,1,1,1,1,1,1,1,1,1,1,1,1,1,1,1,1,1,1,1,1,1,1,1,1,1,1,1,1,1,1,1,1,1,1,1,1,1,1,1,1,1,1,1,1,1,1,1,1,1,1,29004300,14350000,0,0,0,0,0,0,PET装備$R豚,0,1,0,
29004400,0,29004400,upgrade,PET_NEKOMATA,0,50,30,10,0,-1,-1,0,0,0,0,0,0,0,0,30,0,0,0,0,0,0,0,0,0,0,NONE,NONE,0,0,0,0,0,0,0,0,0,500,500,0,0,0,0,0,0,0,0,0,0,0,0,0,0,0,0,0,0,0,0,0,0,0,0,0,0,0,0,0,0,0,0,0,0,0,0,0,0,0,0,0,1,1,1,0,1,1,0,0,0,0,0,0,0,0,0,1,1,1,1,1,1,1,1,1,1,1,1,1,1,1,1,1,1,1,1,1,1,1,1,1,1,1,1,1,1,1,1,1,1,1,1,1,1,1,1,1,1,1,1,1,1,1,1,1,1,1,1,29004400,10260054,0,0,0,0,0,0,PET装備、背負い魔の一種,0,1,0,
29004500,29004500,29004500,Small Pig Cloth♀,BODYSUIT,0,112,112,56,0,10047820,-1,0,0,0,0,0,0,0,0,10,0,0,0,0,0,0,0,0,0,0,NONE,NONE,0,0,0,0,0,0,0,0,0,0,0,0,0,0,0,0,0,0,0,0,0,0,0,0,8,8,0,0,0,0,0,0,0,0,0,0,0,0,0,0,0,0,0,0,0,0,0,0,0,0,0,0,1,1,1,0,0,1,1,0,0,0,0,0,0,0,0,1,1,1,1,1,1,1,1,1,1,1,1,1,1,1,1,1,1,1,1,1,1,1,1,1,1,1,1,1,1,1,1,1,1,1,1,1,1,1,1,1,1,1,1,1,1,1,1,1,1,1,1,0,0,0,0,0,0,0,0,全身装備、女性専用$R豚のきぐるみ,0,1,1,
29004550,29004550,29004550,Small Pig Cloth♂,BODYSUIT,0,112,112,56,0,10047820,-1,0,0,0,0,0,0,0,0,10,0,0,0,0,0,0,0,0,0,0,NONE,NONE,0,0,0,0,0,0,0,0,0,0,0,0,0,0,0,0,0,0,0,0,0,0,0,0,8,8,0,0,0,0,0,0,0,0,0,0,0,0,0,0,0,0,0,0,0,0,0,0,0,0,0,0,1,1,1,0,1,0,1,0,0,0,0,0,0,0,0,1,1,1,1,1,1,1,1,1,1,1,1,1,1,1,1,1,1,1,1,1,1,1,1,1,1,1,1,1,1,1,1,1,1,1,1,1,1,1,1,1,1,1,1,1,1,1,1,1,1,1,1,0,0,0,0,0,0,0,0,全身装備、男性専用$R豚のきぐるみ,0,1,1,
29004600,29004600,29004600,タイファイターズボン♂,LONGBOOTS,0,80,80,40,0,10047800,-1,0,0,0,0,0,0,0,0,10,0,0,0,0,0,0,0,0,0,0,NONE,NONE,0,0,0,0,0,0,0,0,0,0,0,0,1,0,0,0,-1,0,0,0,0,0,0,0,7,5,0,0,0,0,0,0,0,0,0,0,0,0,0,0,0,0,0,0,0,0,0,0,0,0,0,0,1,1,1,0,1,0,1,0,0,0,0,0,0,0,0,0,1,1,1,1,1,1,1,1,1,1,1,1,0,0,0,0,0,0,0,0,0,0,0,0,0,0,0,0,0,0,0,0,0,0,0,0,1,1,1,1,1,1,1,1,0,0,1,1,1,1,1,0,0,0,0,0,0,0,0,下半身装備、男性専用$Rファイター系専用のズボン$R昔のタイ人のズボン,0,1,1,
29004700,29004700,29004700,タイファイタースカート♀,ARMOR_LOWER,0,40,40,20,0,10047820,-1,0,0,0,0,0,0,0,0,10,0,0,0,0,0,0,0,0,0,0,NONE,NONE,0,0,0,0,0,0,0,0,0,0,0,0,0,0,0,0,0,0,0,0,0,0,0,0,4,2,0,0,0,0,0,0,0,0,0,0,0,0,0,0,0,0,0,0,0,0,0,0,0,0,0,0,1,1,1,0,0,1,1,0,0,0,0,0,0,0,0,0,1,1,1,1,1,1,1,1,1,1,1,1,0,0,0,0,0,0,0,0,0,0,0,0,0,0,0,0,0,0,0,0,0,0,0,0,1,1,1,1,1,1,1,1,0,0,1,1,1,1,1,0,0,0,0,0,0,0,0,下半身装備、女性専用$Rファイター系専用のズボン$R昔のタイ人のズボン,0,1,1,
29004800,29004800,29004800,タイファイター靴♀,BOOTS,0,80,80,40,0,10047840,-1,0,0,0,0,0,0,0,0,10,0,0,0,0,0,0,0,0,0,0,NONE,NONE,0,0,0,0,0,0,0,0,0,0,0,0,1,0,0,0,-1,0,0,0,0,0,0,0,3,3,0,0,0,0,0,0,0,0,0,0,0,0,0,0,0,0,0,0,0,0,0,0,0,0,0,0,1,1,1,0,0,1,1,0,0,0,0,0,0,0,0,0,1,1,1,1,1,1,1,1,1,1,1,1,0,0,0,0,0,0,0,0,0,0,0,0,0,0,0,0,0,0,0,0,0,0,0,0,1,1,1,1,1,1,1,1,0,0,1,1,1,1,1,0,0,0,0,0,0,0,0,靴装備、女性専用$Rファイター系専用の靴$R昔のタイ人の靴,0,1,1,
29004900,29004900,29004900,タイスペルユーザズボン♂,SLACKS,0,80,70,30,0,10047820,-1,0,0,0,0,0,0,0,0,10,0,0,0,0,0,0,0,0,0,0,NONE,NONE,0,0,0,0,0,0,0,0,0,0,0,0,0,0,0,0,0,0,0,0,0,0,0,0,3,3,0,0,0,0,0,0,0,0,0,0,0,0,0,0,0,0,0,0,0,0,0,0,0,0,0,0,1,1,1,0,1,0,1,0,0,0,0,0,0,0,0,0,0,0,0,0,0,0,0,0,0,0,0,0,1,1,1,1,1,1,1,1,1,1,1,1,0,0,0,0,0,0,0,0,0,0,0,0,1,1,1,1,1,1,1,1,0,0,1,1,1,1,1,0,0,0,0,0,0,0,0,下半身装備、男性専用$Rスペルユーザー系専用のズボン$R昔のタイ人のズボン,0,1,1,
29005000,29005000,29005000,タイスペルユーザー靴♂,SHOES,0,50,80,50,0,10047840,-1,0,0,0,0,0,0,0,0,10,0,0,0,0,0,0,0,0,0,0,NONE,NONE,0,0,0,0,0,0,0,0,0,0,0,0,-1,1,0,0,0,0,0,0,0,0,0,0,3,5,0,0,0,0,0,0,0,0,0,0,0,0,0,0,0,0,0,0,0,0,0,0,0,0,0,0,1,1,1,0,1,0,1,0,0,0,0,0,0,0,0,0,0,0,0,0,0,0,0,0,0,0,0,0,1,1,1,1,1,1,1,1,1,1,1,1,0,0,0,0,0,0,0,0,0,0,0,0,1,1,1,1,1,1,1,1,0,0,1,1,1,1,1,0,0,0,0,0,0,0,0,靴装備、男性専用$Rスペルユーザー系専用の靴$R昔のタイ人の靴,0,1,1,
29005050,29005050,29005050,タイスペルユーザー靴♀,SHOES,0,50,80,50,0,10047840,-1,0,0,0,0,0,0,0,0,10,0,0,0,0,0,0,0,0,0,0,NONE,NONE,0,0,0,0,0,0,0,0,0,0,0,0,-1,1,0,0,0,0,0,0,0,0,0,0,3,5,0,0,0,0,0,0,0,0,0,0,0,0,0,0,0,0,0,0,0,0,0,0,0,0,0,0,1,1,1,0,0,1,1,0,0,0,0,0,0,0,0,0,0,0,0,0,0,0,0,0,0,0,0,0,1,1,1,1,1,1,1,1,1,1,1,1,0,0,0,0,0,0,0,0,0,0,0,0,1,1,1,1,1,1,1,1,0,0,1,1,1,1,1,0,0,0,0,0,0,0,0,靴装備、男性専用$Rスペルユーザー系専用の靴$R昔のタイ人の靴,0,1,1,
29005051,29005051,29005051,タイバックパッカー靴♀,SHOES,0,50,80,50,0,10047840,-1,0,0,0,0,0,0,0,0,10,0,0,0,0,0,0,0,0,0,0,NONE,NONE,0,0,0,0,0,0,0,0,0,0,0,0,-1,0,0,0,1,0,0,0,0,0,0,0,5,5,0,0,0,0,0,0,0,0,0,0,0,5,0,0,0,0,0,0,0,0,0,0,0,0,0,0,1,1,1,0,0,1,1,0,0,0,0,0,0,0,0,0,0,0,0,0,0,0,0,0,0,0,0,0,0,0,0,0,0,0,0,0,0,0,0,0,1,1,1,1,1,1,1,1,1,1,1,1,1,1,1,1,1,1,1,1,1,1,1,1,1,1,1,0,0,0,0,0,0,0,0,靴装備、女性専用$Rバックパッカー系専用の靴$R昔のタイ人の靴,0,1,1,
29005100,29005100,29005100,タイスペルユーザスカート♀,SLACKS,0,80,70,30,0,10047820,-1,0,0,0,0,0,0,0,0,10,0,0,0,0,0,0,0,0,0,0,NONE,NONE,0,0,0,0,0,0,0,0,0,0,0,0,0,0,0,0,0,0,0,0,0,0,0,0,3,3,0,0,0,0,0,0,0,0,0,0,0,0,0,0,0,0,0,0,0,0,0,0,0,0,0,0,1,1,1,0,0,1,1,0,0,0,0,0,0,0,0,0,0,0,0,0,0,0,0,0,0,0,0,0,1,1,1,1,1,1,1,1,1,1,1,1,0,0,0,0,0,0,0,0,0,0,0,0,1,1,1,1,1,1,1,1,0,0,1,1,1,1,1,0,0,0,0,0,0,0,0,下半身装備、女性専用$Rスペルユーザー系専用のズボン$R昔のタイ人のズボン,0,1,1,
29005200,29005200,29005200,タイバックパッカーズボン♂,SLACKS,0,80,70,30,0,10047820,-1,0,0,0,0,0,0,0,0,13,0,0,0,0,0,0,0,0,0,0,NONE,NONE,0,0,0,0,0,0,0,0,0,0,0,0,0,0,0,0,0,0,0,0,0,0,0,0,3,3,0,0,0,0,0,0,0,0,0,0,0,0,0,0,0,0,0,0,0,0,0,0,0,0,0,0,1,1,1,0,1,0,1,0,0,0,0,0,0,0,0,0,0,0,0,0,0,0,0,0,0,0,0,0,0,0,0,0,0,0,0,0,0,0,0,0,1,1,1,1,1,1,1,1,1,1,1,1,1,1,1,1,1,1,1,1,1,1,1,1,1,1,1,0,0,0,0,0,0,0,0,下半身装備、男性専用$Rバックパッカー系専用のズボン$R昔のタイ人のズボン,0,1,1,
29005300,29005300,29005300,タイバックパッカー靴♂,SHOES,0,50,80,50,0,10047840,-1,0,0,0,0,0,0,0,0,10,0,0,0,0,0,0,0,0,0,0,NONE,NONE,0,0,0,0,0,0,0,0,0,0,0,0,-1,0,0,0,1,0,0,0,0,0,0,0,5,5,0,0,0,0,0,0,0,0,0,0,0,5,0,0,0,0,0,0,0,0,0,0,0,0,0,0,1,1,1,0,1,0,1,0,0,0,0,0,0,0,0,0,0,0,0,0,0,0,0,0,0,0,0,0,0,0,0,0,0,0,0,0,0,0,0,0,1,1,1,1,1,1,1,1,1,1,1,1,1,1,1,1,1,1,1,1,1,1,1,1,1,1,1,0,0,0,0,0,0,0,0,靴装備、男性専用$Rバックパッカー系専用の靴$R昔のタイ人の靴,0,1,1,
29005400,29005400,29005400,タイバックパッカーズボン♀,SLACKS,0,80,70,30,0,10047820,-1,0,0,0,0,0,0,0,0,13,0,0,0,0,0,0,0,0,0,0,NONE,NONE,0,0,0,0,0,0,0,0,0,0,0,0,0,0,0,0,0,0,0,0,0,0,0,0,3,3,0,0,0,0,0,0,0,0,0,0,0,0,0,0,0,0,0,0,0,0,0,0,0,0,0,0,1,1,1,0,0,1,1,0,0,0,0,0,0,0,0,0,0,0,0,0,0,0,0,0,0,0,0,0,0,0,0,0,0,0,0,0,0,0,0,0,1,1,1,1,1,1,1,1,1,1,1,1,1,1,1,1,1,1,1,1,1,1,1,1,1,1,1,0,0,0,0,0,0,0,0,下半身装備、女性専用$Rバックパッカー系専用のズボン$R昔のタイ人のズボン,0,1,1,
29005500,29005500,29005500,タイ軍団ランス,SPEAR,0,200,120,120,0,10047800,-1,0,0,0,0,0,0,0,0,20,0,0,0,0,0,0,0,0,0,0,NONE,NONE,1,0,0,0,0,0,0,0,0,0,0,0,0,0,0,0,0,0,0,0,18,26,33,0,0,0,0,0,0,0,0,0,0,0,0,0,0,0,0,0,0,0,0,0,0,0,0,0,0,0,0,0,1,1,1,0,1,1,1,0,0,0,0,0,0,0,0,0,1,1,1,1,1,1,1,1,1,1,1,1,0,0,0,0,0,0,0,0,0,0,0,0,0,0,0,0,0,0,0,0,0,0,0,0,1,1,1,1,1,1,1,1,0,0,1,1,1,1,1,0,0,9,0,0,0,0,0,スピアの一種、右手装備$Rファイター系専用$R昔のタイ軍人の武器,0,1,30,
29005600,29005600,29005600,タイ軍団斧,AXE,0,280,100,100,0,10047800,-1,0,0,0,0,0,0,0,0,20,0,0,0,0,0,0,0,0,0,0,NONE,NONE,1,0,0,0,0,0,0,0,0,0,0,0,0,0,0,0,0,0,0,0,37,16,24,0,0,0,0,0,0,0,0,0,0,0,0,0,0,0,0,0,0,0,0,0,0,0,0,0,0,0,0,0,1,1,1,0,1,1,1,0,0,0,0,0,0,0,0,0,0,0,0,0,0,0,0,0,0,0,0,0,0,0,0,0,0,0,0,0,0,0,0,0,1,1,1,1,1,1,1,1,1,1,1,1,1,1,1,1,1,1,1,1,1,1,1,1,1,1,1,0,0,7,0,0,0,0,0,ハンマーの一種、右手装備$R昔のタイ軍人の武器,0,1,11,
29005700,29005700,29005700,タイ軍団弓,BOW,0,130,140,140,0,10047830,-1,0,0,0,0,0,0,0,0,20,0,0,0,0,0,0,0,0,0,0,NONE,NONE,5,0,0,0,0,0,0,0,0,0,0,0,0,0,0,0,0,0,0,0,0,0,32,0,0,0,0,0,0,0,0,0,0,0,0,0,0,0,0,0,0,0,0,0,0,0,0,0,0,0,0,0,1,1,1,0,1,1,1,0,0,0,0,0,0,0,0,0,0,0,0,0,0,0,0,0,0,1,1,1,0,0,0,0,0,0,0,0,0,0,0,0,0,0,0,0,0,0,0,0,0,0,0,0,1,1,1,1,1,1,1,1,0,0,1,1,1,1,1,0,0,12,0,0,0,0,0,弓の一種、左手装備$R昔のタイ軍人の武器,0,1,11,
29005800,29005800,29005800,タイ軍団ナイフ,SHORT_SWORD,0,30,30,30,0,10047800,-1,0,0,0,0,0,0,0,0,25,0,0,0,0,0,0,0,0,0,0,NONE,NONE,1,0,0,0,0,0,0,0,0,0,0,0,0,0,0,0,0,0,0,0,22,29,24,0,0,0,0,0,0,0,0,0,0,0,0,0,0,0,0,0,0,0,0,0,0,0,0,0,0,0,0,0,1,1,1,0,1,1,1,0,0,0,0,0,0,0,0,1,1,1,1,1,1,1,1,1,1,1,1,1,1,1,1,1,1,1,1,1,1,1,1,1,1,1,1,1,1,1,1,1,1,1,1,1,1,1,1,1,1,1,1,1,1,1,1,1,1,1,1,0,0,1,0,0,0,0,0,ショートソードの一種、右手装備$R昔のタイ軍人の武器,0,1,1,
29005900,29005900,29005900,タイクラブ手（Claw）,CLAW,0,250,200,200,0,10047830,-1,0,0,0,0,0,1,0,0,15,0,0,0,0,0,0,0,0,0,0,NONE,NONE,1,0,0,0,0,0,0,0,0,0,0,0,0,0,0,0,1,0,0,0,8,10,18,0,0,0,0,0,0,10,0,0,0,0,0,0,0,0,0,0,0,0,0,0,0,0,0,0,0,0,0,0,1,1,1,0,1,1,1,0,0,0,0,0,0,0,0,0,0,0,0,0,0,0,1,1,1,0,0,0,0,0,0,0,0,0,0,0,0,0,0,0,0,0,0,0,0,0,0,0,0,0,0,0,1,1,1,1,1,1,1,1,0,0,1,1,1,1,1,0,0,21,0,0,0,0,0,クローの一種、両手装備$R戦闘ために作ったクラブ,0,1,30,
29006000,29006000,29006000,タイ記憶の本,BOOK,0,80,50,50,0,10047830,-1,0,0,0,0,0,0,0,0,15,0,0,0,0,0,0,0,0,0,0,NONE,NONE,1,0,0,0,0,0,0,0,0,0,0,0,0,0,0,0,0,0,0,0,23,9,14,38,0,0,0,0,0,0,0,0,0,0,0,0,0,0,0,0,0,0,0,0,0,0,0,0,0,0,0,0,1,1,1,0,1,1,1,0,0,0,0,0,0,0,0,0,0,0,0,0,0,0,0,0,0,0,0,0,1,1,1,1,1,1,1,1,1,1,1,1,0,0,0,0,0,0,0,0,0,0,0,0,1,1,1,1,1,1,1,1,0,0,1,1,1,1,1,0,0,16,0,0,0,0,0,本の一種、右手装備$R昔のタイの習慣を記録するように作った物,0,1,70,
29006100,29006100,29006100,タイ軍団槍（Spear）,SPEAR,0,150,50,50,0,10047800,-1,0,0,0,0,0,0,0,0,20,0,0,0,0,0,0,0,0,0,0,NONE,NONE,1,0,0,0,0,0,0,0,0,0,0,0,0,0,0,0,0,0,0,0,18,26,33,0,0,0,0,0,0,0,0,0,0,0,0,0,0,0,0,0,0,0,0,0,0,0,0,0,0,0,0,0,1,1,1,0,1,1,1,0,0,0,0,0,0,0,0,0,1,1,1,1,1,1,1,1,1,1,1,1,0,0,0,0,0,0,0,0,0,0,0,0,0,0,0,0,0,0,0,0,0,0,0,0,1,1,1,1,1,1,1,1,0,0,1,1,1,1,1,0,0,9,0,0,0,0,0,槍の一種、右手装備$Rファイター系専用$R昔のタイ軍人の武器,0,1,11,
29006200,29006200,29006200,タイ軍団銃,RIFLE,0,100,100,100,0,10047850,-1,0,0,0,0,0,0,0,0,20,0,0,0,0,0,0,0,0,0,0,NONE,NONE,7,0,0,0,0,0,0,0,0,0,0,0,0,0,0,0,-1,1,0,0,0,0,24,0,0,0,0,0,0,0,0,0,0,0,0,0,0,0,0,0,0,0,0,0,0,0,0,0,0,0,0,0,1,1,1,0,1,1,1,0,0,0,0,0,0,0,0,0,0,0,0,0,0,0,0,0,0,1,1,1,0,0,0,0,0,0,0,0,0,0,0,0,0,0,0,0,0,0,0,0,0,0,0,0,1,1,1,1,1,1,1,1,0,0,1,1,1,1,1,0,0,13,0,0,0,0,0,銃の一種、右手装備$R火薬式の長銃$R使用するには「実包」が必要,0,1,50,
29006300,29006300,29006300,タイトライデント,SHORT_SWORD,0,30,30,30,0,10047800,-1,0,0,0,0,0,0,0,0,20,0,0,0,0,0,0,0,0,0,0,NONE,NONE,1,0,0,0,0,0,0,0,0,0,0,0,0,0,0,0,1,0,0,0,20,26,22,0,0,0,0,0,0,10,0,0,0,0,0,0,0,0,0,0,0,0,0,0,0,0,0,0,0,0,0,0,1,1,1,0,1,1,1,0,0,0,0,0,0,0,0,1,1,1,1,1,1,1,1,1,1,1,1,1,1,1,1,1,1,1,1,1,1,1,1,1,1,1,1,1,1,1,1,1,1,1,1,1,1,1,1,1,1,1,1,1,1,1,1,1,1,1,1,0,0,1,0,0,0,0,0,ショートソードの一種、右手装備$R先端が三又になった短剣,0,1,1,
29006400,0,10020710,タイ女性の紹介状,NONE,0,30,50,0,0,-1,-1,0,0,0,0,1,0,0,0,0,0,0,0,0,0,0,0,0,0,0,NONE,NONE,0,0,0,0,0,0,0,0,0,0,0,0,0,0,0,0,0,0,0,0,0,0,0,0,0,0,0,0,0,0,0,0,0,0,0,0,0,0,0,0,0,0,0,0,0,0,0,0,0,0,0,0,0,0,0,0,0,0,0,0,0,0,0,0,0,0,0,0,0,0,0,0,0,0,0,0,0,0,0,0,0,0,0,0,0,0,0,0,0,0,0,0,0,0,0,0,0,0,0,0,0,0,0,0,0,0,0,0,0,0,0,0,0,0,0,0,0,0,0,0,0,0,0,0,0,0,0,女性専用$Rヘアサロンへ持っていくと髪型を$R「オリジナルタイスタイル」にしてくれる,0,1,0,
29006401,0,10020710,タイ男性の紹介状,NONE,0,30,50,0,0,-1,-1,0,0,0,0,1,0,0,0,0,0,0,0,0,0,0,0,0,0,0,NONE,NONE,0,0,0,0,0,0,0,0,0,0,0,0,0,0,0,0,0,0,0,0,0,0,0,0,0,0,0,0,0,0,0,0,0,0,0,0,0,0,0,0,0,0,0,0,0,0,0,0,0,0,0,0,0,0,0,0,0,0,0,0,0,0,0,0,0,0,0,0,0,0,0,0,0,0,0,0,0,0,0,0,0,0,0,0,0,0,0,0,0,0,0,0,0,0,0,0,0,0,0,0,0,0,0,0,0,0,0,0,0,0,0,0,0,0,0,0,0,0,0,0,0,0,0,0,0,0,0,男性専用$Rヘアサロンへ持っていくと髪型を$R「オリジナルタイスタイル」にしてくれる,0,1,0,
29006500,0,29006500,Tusk Accessory(Quest),NONE,0,21,21,0,0,-1,-1,0,0,0,0,1,0,0,0,0,0,0,0,0,0,0,0,0,0,0,NONE,NONE,0,0,0,0,0,0,0,0,0,0,0,0,0,0,0,0,0,0,0,0,0,0,0,0,0,0,0,0,0,0,0,0,0,0,0,0,0,0,0,0,0,0,0,0,0,0,0,0,0,0,0,0,0,0,0,0,0,0,0,0,0,0,0,0,0,0,0,0,0,0,0,0,0,0,0,0,0,0,0,0,0,0,0,0,0,0,0,0,0,0,0,0,0,0,0,0,0,0,0,0,0,0,0,0,0,0,0,0,0,0,0,0,0,0,0,0,0,0,0,0,0,0,0,0,0,0,0,KhanKluayイベント用,0,1,1,
29006600,29006600,29006600,KhanKluay T-Shirt,ARMOR_UPPER,0,50,50,25,0,10047820,-1,0,0,0,0,0,0,0,0,10,0,0,0,0,0,0,0,0,0,0,NONE,NONE,0,0,0,0,0,0,0,0,0,0,0,0,0,0,0,0,0,0,0,0,0,0,0,0,9,9,0,0,0,0,0,0,0,0,0,0,0,0,0,0,5,0,0,0,0,0,0,0,0,0,0,0,1,1,1,0,1,1,15,0,0,0,0,0,0,0,0,1,1,1,1,1,1,1,1,1,1,1,1,1,1,1,1,1,1,1,1,1,1,1,1,1,1,1,1,1,1,1,1,1,1,1,1,1,1,1,1,1,1,1,1,1,1,1,1,1,1,1,1,0,0,0,0,0,0,0,0,上半身装備$RKhanKluayイベント用,0,1,1,
29006700,29006700,29006700,Chitlit Bird Hat,ACCESORY_HEAD,0,14,14,14,0,10047810,-1,0,0,0,0,0,0,0,0,5,0,0,0,0,0,0,0,0,0,0,NONE,NONE,0,0,0,0,0,0,0,0,0,0,0,0,0,0,0,0,0,0,0,0,0,0,0,0,3,3,0,0,0,0,0,0,0,0,0,0,0,0,0,0,0,0,0,0,0,0,0,0,0,0,0,0,1,1,1,0,1,1,1,0,0,0,0,0,0,0,0,1,1,1,1,1,1,1,1,1,1,1,1,1,1,1,1,1,1,1,1,1,1,1,1,1,1,1,1,1,1,1,1,1,1,1,1,1,1,1,1,1,1,1,1,1,1,1,1,1,1,1,1,0,0,0,0,0,0,0,0,頭部アクセサリー装備$RFestival Event用アイテム,0,1,1,
29006800,29006800,29006800,KhanKlauy Hood,FULLFACE,0,0,0,0,0,10047820,-1,0,0,0,0,0,0,0,0,5,0,0,0,0,0,0,0,0,0,0,NONE,NONE,0,0,0,0,0,0,0,0,0,0,0,0,0,0,0,0,0,0,0,0,0,0,0,0,5,5,0,0,0,0,0,0,0,0,0,0,0,0,0,0,0,0,0,0,0,0,0,0,0,0,0,0,1,1,1,0,1,1,1,0,0,0,0,0,0,0,0,1,1,1,1,1,1,1,1,1,1,1,1,1,1,1,1,1,1,1,1,1,1,1,1,1,1,1,1,1,1,1,1,1,1,1,1,1,1,1,1,1,1,1,1,1,1,1,1,1,1,1,1,0,0,0,0,0,0,0,0,頭部装備$RFestival Event用アイテム,0,1,1,
29006900,29006900,29006900,KhanKlauy Doll,ETC_WEAPON,0,0,0,0,0,10047820,-1,0,0,0,0,0,0,0,0,15,0,0,0,0,0,0,0,0,0,0,NONE,NONE,1,0,0,0,0,0,0,0,0,0,0,0,0,0,0,0,0,0,0,0,30,30,30,30,0,0,0,0,0,0,0,0,0,0,0,0,0,0,0,0,0,0,0,0,0,0,0,0,0,0,0,0,1,1,1,0,1,1,1,0,0,0,0,0,0,0,0,1,1,1,1,1,1,1,1,1,1,1,1,1,1,1,1,1,1,1,1,1,1,1,1,1,1,1,1,1,1,1,1,1,1,1,1,1,1,1,1,1,1,1,1,1,1,1,1,1,1,1,1,0,0,14,0,0,0,0,0,特殊な武器の一種、右手装備$RFestival Event用アイテム,0,1,1,
29007000,29007000,29007000,KhanKlauy Suit,BODYSUIT,0,0,0,0,0,10047820,-1,0,0,0,0,0,0,0,0,15,0,0,0,0,0,0,0,0,0,0,NONE,NONE,0,0,0,0,0,0,0,0,0,0,0,0,0,0,0,0,0,0,0,0,0,0,0,0,30,27,0,0,0,0,0,0,0,0,0,0,0,0,0,0,0,0,0,0,0,0,0,0,0,0,0,0,1,1,1,0,1,1,1,0,0,0,0,0,0,0,0,1,1,1,1,1,1,1,1,1,1,1,1,1,1,1,1,1,1,1,1,1,1,1,1,1,1,1,1,1,1,1,1,1,1,1,1,1,1,1,1,1,1,1,1,1,1,1,1,1,1,1,1,0,0,0,0,0,0,0,0,全身装備$RFestival Event用アイテム,0,1,1,
29007100,0,29007100,KhanKlauy Box,USE,0,70,59,0,0,-1,-1,0,0,0,0,0,0,0,0,0,0,0,0,90000150,4079,0,0,0,0,0,SELF,NONE,-1,0,0,0,0,0,0,0,0,0,0,0,0,0,0,0,0,0,0,0,0,0,0,0,0,0,0,0,0,0,0,0,0,0,0,0,0,0,0,0,0,0,0,0,0,0,0,0,0,0,0,0,0,0,0,0,0,0,0,0,0,0,0,0,0,0,0,0,0,0,0,0,0,0,0,0,0,0,0,0,0,0,0,0,0,0,0,0,0,0,0,0,0,0,0,0,0,0,0,0,0,0,0,0,0,0,0,0,0,0,0,0,0,0,0,0,0,0,0,0,0,0,0,0,0,0,0,プレゼント袋$R中に何が入っているかはお楽しみ$R使用すると中身が出てくるよ！,0,1,0,
29007101,0,29007101,Spelluser Box,USE,0,70,59,0,0,-1,-1,0,0,0,0,0,0,0,0,0,0,0,0,90000151,4079,0,0,0,0,0,SELF,NONE,-1,0,0,0,0,0,0,0,0,0,0,0,0,0,0,0,0,0,0,0,0,0,0,0,0,0,0,0,0,0,0,0,0,0,0,0,0,0,0,0,0,0,0,0,0,0,0,0,0,0,0,0,0,0,0,0,0,0,0,0,0,0,0,0,0,0,0,0,0,0,0,0,0,0,0,0,0,0,0,0,0,0,0,0,0,0,0,0,0,0,0,0,0,0,0,0,0,0,0,0,0,0,0,0,0,0,0,0,0,0,0,0,0,0,0,0,0,0,0,0,0,0,0,0,0,0,0,プレゼント袋$R中に何が入っているかはお楽しみ$R使用すると中身が出てくるよ！,0,1,0,
29007102,0,29007102,Backpacker Box,USE,0,70,59,0,0,-1,-1,0,0,0,0,0,0,0,0,0,0,0,0,90000152,4079,0,0,0,0,0,SELF,NONE,-1,0,0,0,0,0,0,0,0,0,0,0,0,0,0,0,0,0,0,0,0,0,0,0,0,0,0,0,0,0,0,0,0,0,0,0,0,0,0,0,0,0,0,0,0,0,0,0,0,0,0,0,0,0,0,0,0,0,0,0,0,0,0,0,0,0,0,0,0,0,0,0,0,0,0,0,0,0,0,0,0,0,0,0,0,0,0,0,0,0,0,0,0,0,0,0,0,0,0,0,0,0,0,0,0,0,0,0,0,0,0,0,0,0,0,0,0,0,0,0,0,0,0,0,0,0,0,プレゼント袋$R中に何が入っているかはお楽しみ$R使用すると中身が出てくるよ！,0,1,0,
29007103,0,29007103,Fighter Box,USE,0,70,59,0,0,-1,-1,0,0,0,0,0,0,0,0,0,0,0,0,90000153,4079,0,0,0,0,0,SELF,NONE,-1,0,0,0,0,0,0,0,0,0,0,0,0,0,0,0,0,0,0,0,0,0,0,0,0,0,0,0,0,0,0,0,0,0,0,0,0,0,0,0,0,0,0,0,0,0,0,0,0,0,0,0,0,0,0,0,0,0,0,0,0,0,0,0,0,0,0,0,0,0,0,0,0,0,0,0,0,0,0,0,0,0,0,0,0,0,0,0,0,0,0,0,0,0,0,0,0,0,0,0,0,0,0,0,0,0,0,0,0,0,0,0,0,0,0,0,0,0,0,0,0,0,0,0,0,0,0,プレゼント袋$R中に何が入っているかはお楽しみ$R使用すると中身が出てくるよ！,0,1,0,
29007104,0,29007104,武器 BOX,USE,0,70,59,0,0,-1,-1,0,0,0,0,0,0,0,0,0,0,0,0,90000154,4079,0,0,0,0,0,SELF,NONE,-1,0,0,0,0,0,0,0,0,0,0,0,0,0,0,0,0,0,0,0,0,0,0,0,0,0,0,0,0,0,0,0,0,0,0,0,0,0,0,0,0,0,0,0,0,0,0,0,0,0,0,0,0,0,0,0,0,0,0,0,0,0,0,0,0,0,0,0,0,0,0,0,0,0,0,0,0,0,0,0,0,0,0,0,0,0,0,0,0,0,0,0,0,0,0,0,0,0,0,0,0,0,0,0,0,0,0,0,0,0,0,0,0,0,0,0,0,0,0,0,0,0,0,0,0,0,0,プレゼント袋$R中に何が入っているかはお楽しみ$R使用すると中身が出てくるよ！,0,1,0,
29007200,20210500,10057600,Golden Booster(emil),BACK_DEMON,0,70,70,0,0,-1,-1,0,0,0,0,0,0,0,0,30,0,0,0,0,0,0,6428,0,0,0,NONE,NONE,0,0,0,0,0,0,0,0,0,0,0,0,0,0,0,0,0,0,0,0,0,0,0,0,0,0,0,0,0,0,0,0,0,0,0,0,0,0,0,0,0,0,0,0,0,0,0,0,0,0,0,0,1,0,0,0,1,1,0,0,0,0,0,0,0,0,0,1,1,1,1,1,1,1,1,1,1,1,1,1,1,1,1,1,1,1,1,1,1,1,1,1,1,1,1,1,1,1,1,1,1,1,1,1,1,1,1,1,1,1,1,1,1,1,1,1,1,1,1,0,0,0,0,0,0,0,0,PET装備、背負い魔の一種$Rスキル『点火』を使うことにより$R移動速度が上昇する,0,1,0,
29007300,29007100,10057600,Golden Booster(titania),BACK_DEMON,0,70,70,0,0,-1,-1,0,0,0,0,0,0,0,0,30,0,0,0,0,0,0,6428,0,0,0,NONE,NONE,0,0,0,0,0,0,0,0,0,0,0,0,0,0,0,0,0,0,0,0,0,0,0,0,0,0,0,0,0,0,0,0,0,0,0,0,0,0,0,0,0,0,0,0,0,0,0,0,0,0,0,0,0,1,0,0,1,1,0,0,0,0,0,0,0,0,0,1,1,1,1,1,1,1,1,1,1,1,1,1,1,1,1,1,1,1,1,1,1,1,1,1,1,1,1,1,1,1,1,1,1,1,1,1,1,1,1,1,1,1,1,1,1,1,1,1,1,1,1,0,0,0,0,0,0,0,0,PET装備、背負い魔の一種$Rスキル『点火』を使うことにより$R移動速度が上昇する,0,1,0,
29007400,29007200,10057600,Golden Booster(dominion),BACK_DEMON,0,70,70,0,0,-1,-1,0,0,0,0,0,0,0,0,30,0,0,0,0,0,0,6428,0,0,0,NONE,NONE,0,0,0,0,0,0,0,0,0,0,0,0,0,0,0,0,0,0,0,0,0,0,0,0,0,0,0,0,0,0,0,0,0,0,0,0,0,0,0,0,0,0,0,0,0,0,0,0,0,0,0,0,0,0,1,0,1,1,0,0,0,0,0,0,0,0,0,1,1,1,1,1,1,1,1,1,1,1,1,1,1,1,1,1,1,1,1,1,1,1,1,1,1,1,1,1,1,1,1,1,1,1,1,1,1,1,1,1,1,1,1,1,1,1,1,1,1,1,1,0,0,0,0,0,0,0,0,PET装備、背負い魔の一種$Rスキル『点火』を使うことにより$R移動速度が上昇する,0,1,0,
29007500,29007500,29007500,NVN battle champion t-shirt(1st),ARMOR_UPPER,0,100,70,35,0,10047820,-1,0,0,0,0,0,0,0,0,10,0,0,0,0,0,0,0,0,0,0,NONE,NONE,0,0,0,0,0,0,0,0,0,0,0,0,0,0,0,0,0,0,0,0,0,0,0,0,9,9,0,0,0,0,0,0,0,0,0,0,0,0,0,0,0,0,0,0,0,0,0,0,0,0,0,0,1,1,1,0,1,1,1,0,0,0,0,0,0,0,0,1,1,1,1,1,1,1,1,1,1,1,1,1,1,1,1,1,1,1,1,1,1,1,1,1,1,1,1,1,1,1,1,1,1,1,1,1,1,1,1,1,1,1,1,1,1,1,1,1,1,1,1,0,0,0,0,0,0,0,0,上半身装備$RNVNイベント優勝チーム補償$Rタイ用アイテム,0,1,1,
29007600,29007600,29007600,NVN battle champion t-shirt(2st),ARMOR_UPPER,0,100,70,35,0,10047820,-1,0,0,0,0,0,0,0,0,10,0,0,0,0,0,0,0,0,0,0,NONE,NONE,0,0,0,0,0,0,0,0,0,0,0,0,0,0,0,0,0,0,0,0,0,0,0,0,9,9,0,0,0,0,0,0,0,0,0,0,0,0,0,0,0,0,0,0,0,0,0,0,0,0,0,0,1,1,1,0,1,1,1,0,0,0,0,0,0,0,0,1,1,1,1,1,1,1,1,1,1,1,1,1,1,1,1,1,1,1,1,1,1,1,1,1,1,1,1,1,1,1,1,1,1,1,1,1,1,1,1,1,1,1,1,1,1,1,1,1,1,1,1,0,0,0,0,0,0,0,0,上半身装備$RNVNイベント優勝チーム補償$Rタイ用アイテム,0,1,1,
29007700,29007700,29007700,NVN battle champion t-shirt(3st),ARMOR_UPPER,0,100,70,35,0,10047820,-1,0,0,0,0,0,0,0,0,10,0,0,0,0,0,0,0,0,0,0,NONE,NONE,0,0,0,0,0,0,0,0,0,0,0,0,0,0,0,0,0,0,0,0,0,0,0,0,9,9,0,0,0,0,0,0,0,0,0,0,0,0,0,0,0,0,0,0,0,0,0,0,0,0,0,0,1,1,1,0,1,1,1,0,0,0,0,0,0,0,0,1,1,1,1,1,1,1,1,1,1,1,1,1,1,1,1,1,1,1,1,1,1,1,1,1,1,1,1,1,1,1,1,1,1,1,1,1,1,1,1,1,1,1,1,1,1,1,1,1,1,1,1,0,0,0,0,0,0,0,0,上半身装備$RNVNイベント優勝チーム補償$Rタイ用アイテム,0,1,1,
29007800,29007800,29007800,NVN battle t-shirt,ARMOR_UPPER,0,100,71,35,0,10047820,-1,0,0,0,0,0,0,0,0,10,0,0,0,0,0,0,0,0,0,0,NONE,NONE,0,0,0,0,0,0,0,0,0,0,0,0,0,0,0,0,0,0,0,0,0,0,0,0,9,9,0,0,0,0,0,0,0,0,0,0,0,0,0,0,0,0,0,0,0,0,0,0,0,0,0,0,1,1,1,0,1,1,1,0,0,0,0,0,0,0,0,1,1,1,1,1,1,1,1,1,1,1,1,1,1,1,1,1,1,1,1,1,1,1,1,1,1,1,1,1,1,1,1,1,1,1,1,1,1,1,1,1,1,1,1,1,1,1,1,1,1,1,1,0,0,0,0,0,0,0,0,上半身装備$RNVNイベント優勝チーム補償$Rタイ用アイテム,0,1,1,
29007900,29007900,29007900,Aura Helmet,ACCESORY_HEAD,0,70,50,50,0,10047810,-1,0,0,0,0,0,0,0,0,3,0,0,0,0,0,0,0,0,0,0,NONE,NONE,0,0,0,0,0,0,0,0,0,0,0,0,3,3,3,3,3,3,0,0,0,0,0,0,0,0,0,0,0,0,0,0,0,0,0,0,0,0,0,0,0,0,0,0,0,0,0,0,0,0,0,0,1,1,1,0,1,1,1,0,0,0,0,0,0,0,0,1,1,1,1,1,1,1,1,1,1,1,1,1,1,1,1,1,1,1,1,1,1,1,1,1,1,1,1,1,1,1,1,1,1,1,1,1,1,1,1,1,1,1,1,1,1,1,1,1,1,1,1,0,0,0,0,0,0,0,0,頭部アクセサリー装備$RNVNでイベント優勝した人が$R着用する$Rタイ用アイテム,0,1,1,
29008000,29008000,50053400,NVN battle tournament Flag,ACCESORY_NECK,0,70,50,30,0,10047810,-1,0,0,0,0,0,0,0,0,3,0,0,0,0,0,0,0,0,0,0,NONE,NONE,0,0,0,0,0,0,0,0,0,0,0,0,3,3,3,3,3,3,0,0,0,0,0,0,0,0,0,0,0,0,0,0,0,0,0,0,0,0,0,0,0,0,0,0,0,0,0,0,0,0,0,0,1,1,1,0,1,1,1,0,0,0,0,0,0,0,0,1,1,1,1,1,1,1,1,1,1,1,1,1,1,1,1,1,1,1,1,1,1,1,1,1,1,1,1,1,1,1,1,1,1,1,1,1,1,1,1,1,1,1,1,1,1,1,1,1,1,1,1,0,0,0,0,0,0,0,0,胸アクセサリー装備$R文字や絵などが描いてあるのぼり$Rタイ用アイテム,0,1,1,
29008100,29008100,29008100,Toga♂,BODYSUIT,0,40,40,20,0,10047820,-1,0,0,0,0,0,0,0,0,10,0,0,0,0,0,0,0,0,0,0,NONE,NONE,0,0,0,0,0,0,0,0,0,0,0,0,0,0,0,0,0,0,0,0,0,0,0,0,1,1,0,0,0,0,0,0,0,0,0,0,0,0,0,0,0,0,0,0,0,0,0,0,0,0,0,0,1,1,1,0,1,0,1,0,0,0,0,0,0,0,0,1,1,1,1,1,1,1,1,1,1,1,1,1,1,1,1,1,1,1,1,1,1,1,1,1,1,1,1,1,1,1,1,1,1,1,1,1,1,1,1,1,1,1,1,1,1,1,1,1,1,1,1,0,0,0,0,0,0,0,0,全身装備、男性専用$Rタイ用アイテム$R古代オリンピック衣装,0,1,0,
29008200,29008200,29008200,Toga♀,BODYSUIT,0,40,40,20,0,10047820,-1,0,0,0,0,0,0,0,0,10,0,0,0,0,0,0,0,0,0,0,NONE,NONE,0,0,0,0,0,0,0,0,0,0,0,0,0,0,0,0,0,0,0,0,0,0,0,0,1,1,0,0,0,0,0,0,0,0,0,0,0,0,0,0,0,0,0,0,0,0,0,0,0,0,0,0,1,1,1,0,0,1,1,0,0,0,0,0,0,0,0,1,1,1,1,1,1,1,1,1,1,1,1,1,1,1,1,1,1,1,1,1,1,1,1,1,1,1,1,1,1,1,1,1,1,1,1,1,1,1,1,1,1,1,1,1,1,1,1,1,1,1,1,0,0,0,0,0,0,0,0,全身装備、女性専用$Rタイ用アイテム$R古代オリンピック衣装,0,1,0,
29008300,29008300,29008300,Gold Laurel Wreath,ACCESORY_HEAD,0,20,20,10,0,10047800,-1,0,0,0,0,0,0,0,0,5,0,0,0,0,0,0,0,0,0,0,NONE,NONE,0,0,0,0,0,0,0,0,0,0,0,0,0,0,0,0,0,0,0,0,0,0,0,0,1,1,0,0,0,0,0,0,0,0,0,0,0,0,0,0,0,0,0,0,0,0,0,0,0,0,0,0,1,1,1,0,1,1,1,0,0,0,0,0,0,0,0,1,1,1,1,1,1,1,1,1,1,1,1,1,1,1,1,1,1,1,1,1,1,1,1,1,1,1,1,1,1,1,1,1,1,1,1,1,1,1,1,1,1,1,1,1,1,1,1,1,1,1,1,0,0,0,0,0,0,0,0,頭装備$Rタイ用アイテム$R金色の王冠,0,1,0,
29008400,0,29008400,Samba,PET,0,30,30,0,0,-1,-1,0,0,0,0,0,0,0,0,30,0,0,0,0,0,0,6051,0,0,0,NONE,NONE,0,0,0,0,0,0,0,0,0,0,0,0,0,0,0,0,0,0,0,0,0,0,0,0,0,0,0,0,0,0,0,0,0,0,0,0,0,0,0,0,0,0,0,0,0,0,0,0,0,0,0,0,1,1,1,0,1,1,0,0,0,0,0,0,0,0,0,1,1,1,1,1,1,1,1,1,1,1,1,1,1,1,1,1,1,1,1,1,1,1,1,1,1,1,1,1,1,1,1,1,1,1,1,1,1,1,1,1,1,1,1,1,1,1,1,1,1,1,1,29008400,19020000,0,0,0,0,0,0,PET装備$Rタイ用$R男ぞうさん,0,0,0,
29008401,0,29008401,SomSom,PET,0,30,30,0,0,-1,-1,0,0,0,0,0,0,0,0,30,0,0,0,0,0,0,6051,0,0,0,NONE,NONE,0,0,0,0,0,0,0,0,0,0,0,0,0,0,0,0,0,0,0,0,0,0,0,0,0,0,0,0,0,0,0,0,0,0,0,0,0,0,0,0,0,0,0,0,0,0,0,0,0,0,0,0,1,1,1,0,1,1,0,0,0,0,0,0,0,0,0,1,1,1,1,1,1,1,1,1,1,1,1,1,1,1,1,1,1,1,1,1,1,1,1,1,1,1,1,1,1,1,1,1,1,1,1,1,1,1,1,1,1,1,1,1,1,1,1,1,1,1,1,29008401,19020001,0,0,0,0,0,0,PET装備$Rタイ用$R男ぞうさん,0,0,0,
29008500,29008500,29008500,Special Wedding Suit,BODYSUIT,0,40,40,20,0,10047820,-1,0,0,0,0,0,0,0,0,10,0,0,0,0,0,0,0,0,0,0,NONE,NONE,0,0,0,0,0,0,0,0,0,0,0,0,0,0,0,0,0,0,0,0,0,0,0,0,1,1,0,0,0,0,0,0,0,0,0,0,0,0,0,0,0,0,0,0,0,0,0,0,0,0,0,0,1,1,1,0,1,1,1,0,0,0,0,0,0,0,0,1,1,1,1,1,1,1,1,1,1,1,1,1,1,1,1,1,1,1,1,1,1,1,1,1,1,1,1,1,1,1,1,1,1,1,1,1,1,1,1,1,1,1,1,1,1,1,1,1,1,1,1,0,0,0,0,0,0,0,0,全身装備$R結婚式男性用衣装,0,1,0,
29008600,29008600,29008600,Special Wedding Dress(W),WEDDING,0,40,40,20,0,10047820,-1,0,0,0,0,0,0,0,0,10,0,0,0,0,0,0,0,0,0,0,NONE,NONE,0,0,0,0,0,0,0,0,0,0,0,0,0,0,0,0,0,0,0,0,0,0,0,0,1,1,0,0,0,0,0,0,0,0,0,0,0,0,0,0,0,0,0,0,0,0,0,0,0,0,0,0,1,1,1,0,0,1,1,0,0,0,0,0,0,0,0,1,1,1,1,1,1,1,1,1,1,1,1,1,1,1,1,1,1,1,1,1,1,1,1,1,1,1,1,1,1,1,1,1,1,1,1,1,1,1,1,1,1,1,1,1,1,1,1,1,1,1,1,0,0,25,0,0,0,0,0,全身装備、女性専用$R結婚式女性用衣装,0,1,0,
29008700,0,29008700,Wedding Carriage,RIDE_PET,0,100,100,0,0,-1,-1,0,0,0,0,0,0,0,0,3,0,0,0,0,0,0,0,0,0,0,NONE,NONE,0,0,0,0,0,0,0,0,0,0,0,0,0,0,0,0,0,0,0,0,0,0,0,0,0,0,0,0,0,0,0,0,0,0,0,0,0,0,0,0,0,0,0,0,0,0,0,0,0,0,0,0,1,1,1,0,1,1,0,0,0,0,0,0,0,0,0,1,1,1,1,1,1,1,1,1,1,1,1,1,1,1,1,1,1,1,1,1,1,1,1,1,1,1,1,1,1,1,1,1,1,1,1,1,1,1,1,1,1,1,1,1,1,1,1,1,1,1,1,0,19030000,52,0,0,0,52,0,PET装備$R２人乗りの馬車,0,1,0,
29008800,29008800,29008800,Diamond Earring,ACCESORY_FACE,0,20,20,10,0,10047800,-1,0,0,0,0,0,0,0,0,3,0,0,0,0,0,0,0,0,0,0,NONE,NONE,0,0,0,0,0,0,0,0,0,0,0,0,0,0,0,0,0,0,0,0,0,0,0,0,1,1,0,0,0,0,0,0,0,0,0,0,0,0,0,0,0,0,0,0,0,0,0,0,0,0,0,0,1,1,1,0,0,1,1,0,0,0,0,0,0,0,0,1,1,1,1,1,1,1,1,1,1,1,1,1,1,1,1,1,1,1,1,1,1,1,1,1,1,1,1,1,1,1,1,1,1,1,1,1,1,1,1,1,1,1,1,1,1,1,1,1,1,1,1,0,0,0,0,0,0,0,0,顔装備$Rタイ用アイテム$Rダイヤイアリング,0,1,0,
29008900,29008900,29008900,Diamond Nacklace,ACCESORY_NECK,0,20,20,10,0,10047800,-1,0,0,0,0,0,0,0,0,3,0,0,0,0,0,0,0,0,0,0,NONE,NONE,0,0,0,0,0,0,0,0,0,0,0,0,0,0,0,0,0,0,0,0,0,0,0,0,1,1,0,0,0,0,0,0,0,0,0,0,0,0,0,0,0,0,0,0,0,0,0,0,0,0,0,0,1,1,1,0,0,1,1,0,0,0,0,0,0,0,0,1,1,1,1,1,1,1,1,1,1,1,1,1,1,1,1,1,1,1,1,1,1,1,1,1,1,1,1,1,1,1,1,1,1,1,1,1,1,1,1,1,1,1,1,1,0,0,1,1,1,1,1,0,0,0,0,0,0,0,0,頭装備$Rタイ用アイテム$Rダイヤネックレス,0,1,0,
29009000,29009000,29009000,Wedding Tiara,ACCESORY_HEAD,0,20,20,10,0,10047800,-1,0,0,0,0,0,0,0,0,5,0,0,0,0,0,0,0,0,0,0,NONE,NONE,0,0,0,0,0,0,0,0,0,0,0,0,0,0,0,0,0,0,0,0,0,0,0,0,1,1,0,0,0,0,0,0,0,0,0,0,0,0,0,0,0,0,0,0,0,0,0,0,0,0,0,0,1,1,1,0,0,1,1,0,0,0,0,0,0,0,0,1,1,1,1,1,1,1,1,1,1,1,1,1,1,1,1,1,1,1,1,1,1,1,1,1,1,1,1,1,1,1,1,1,1,1,1,1,1,1,1,1,1,1,1,1,1,1,1,1,1,1,1,0,0,0,0,0,0,0,0,頭装備$Rタイ用アイテム$Rダイヤティアラ,0,1,0,
29009100,0,10013000,スーパーマリオネット·ニンフ,MARIONETTE,38000,30,10,0,0,-1,-1,0,0,0,0,0,0,0,0,30,0,0,0,0,8015,0,0,0,0,0,SELF,NONE,0,0,0,0,0,0,0,0,0,0,0,0,0,0,0,0,0,0,0,0,0,0,0,0,0,0,0,0,0,0,0,0,0,0,0,0,0,0,0,0,0,0,0,0,0,0,0,0,0,0,0,0,1,1,1,0,1,1,0,0,0,0,0,0,0,0,0,1,1,1,1,1,1,1,1,1,1,1,1,1,1,1,1,1,1,1,1,1,1,1,1,1,1,1,1,1,1,1,1,1,1,1,1,1,1,1,1,1,1,1,1,1,1,1,1,1,1,1,1,10013001,0,0,0,0,0,0,0,マリオネットの完成体,0,1,0,
29009101,0,10013050,スーパーゴーレム·ニンフ,GOLEM,10,30,10,0,0,-1,-1,0,0,0,0,0,0,0,0,50,0,0,0,0,8015,0,0,0,0,0,SELF,NONE,0,0,0,0,0,0,0,0,0,0,0,0,0,0,0,0,0,0,0,0,0,0,0,0,0,0,0,0,0,0,0,0,0,0,0,0,0,0,0,0,0,0,0,0,0,0,0,0,0,0,0,0,0,0,0,0,0,0,0,0,0,0,0,0,0,0,0,0,0,0,0,0,0,0,0,0,0,0,0,0,0,0,0,0,0,0,0,0,0,0,0,0,0,0,0,0,0,0,0,0,0,0,0,0,0,0,0,0,0,0,0,0,0,0,0,0,0,0,0,10013001,0,0,0,0,0,0,0,ゴーレム化したマリオネット,0,1,0,
29009200,0,10019300,スーパーマリオネット·アイシー,MARIONETTE,1700,60,40,0,0,-1,-1,0,0,0,0,0,0,0,0,30,0,0,0,0,8015,0,0,0,0,0,SELF,NONE,0,0,0,0,0,0,0,0,0,0,0,0,0,0,0,0,0,0,0,0,0,0,0,0,0,0,0,0,0,0,0,0,0,0,0,0,0,0,0,0,0,0,0,0,0,0,0,0,0,0,0,0,1,1,1,0,1,1,0,0,0,0,0,0,0,0,0,1,1,1,1,1,1,1,1,1,1,1,1,1,1,1,1,1,1,1,1,1,1,1,1,1,1,1,1,1,1,1,1,1,1,1,1,1,1,1,1,1,1,1,1,1,1,1,1,1,1,1,1,10019302,0,0,0,0,0,0,0,マリオネットの完成体,0,1,0,
29009201,0,10019350,スーパーゴーレム·アイシー,GOLEM,10,60,40,0,0,-1,-1,0,0,0,0,0,0,0,0,50,0,0,0,0,8015,0,0,0,0,0,SELF,NONE,0,0,0,0,0,0,0,0,0,0,0,0,0,0,0,0,0,0,0,0,0,0,0,0,0,0,0,0,0,0,0,0,0,0,0,0,0,0,0,0,0,0,0,0,0,0,0,0,0,0,0,0,0,0,0,0,0,0,0,0,0,0,0,0,0,0,0,0,0,0,0,0,0,0,0,0,0,0,0,0,0,0,0,0,0,0,0,0,0,0,0,0,0,0,0,0,0,0,0,0,0,0,0,0,0,0,0,0,0,0,0,0,0,0,0,0,0,0,0,10019302,0,0,0,0,0,0,0,ゴーレム化したマリオネット,0,1,0,
29009300,0,10021700,スーパーマリオネット·ホムラ,MARIONETTE,2000,10,10,0,0,-1,-1,0,0,0,0,0,0,0,0,30,0,0,0,0,8015,0,0,0,0,0,SELF,NONE,0,0,0,0,0,0,0,0,0,0,0,0,0,0,0,0,0,0,0,0,0,0,0,0,0,0,0,0,0,0,0,0,0,0,0,0,0,0,0,0,0,0,0,0,0,0,0,0,0,0,0,0,1,1,1,0,1,1,0,0,0,0,0,0,0,0,0,1,1,1,1,1,1,1,1,1,1,1,1,1,1,1,1,1,1,1,1,1,1,1,1,1,1,1,1,1,1,1,1,1,1,1,1,1,1,1,1,1,1,1,1,1,1,1,1,1,1,1,1,10021702,0,0,0,0,0,0,0,マリオネットの完成体,0,1,0,
29009301,0,10021750,スーパーゴーレム·ホムラ,GOLEM,10,10,10,0,0,-1,-1,0,0,0,0,0,0,0,0,50,0,0,0,0,8015,0,0,0,0,0,SELF,NONE,0,0,0,0,0,0,0,0,0,0,0,0,0,0,0,0,0,0,0,0,0,0,0,0,0,0,0,0,0,0,0,0,0,0,0,0,0,0,0,0,0,0,0,0,0,0,0,0,0,0,0,0,0,0,0,0,0,0,0,0,0,0,0,0,0,0,0,0,0,0,0,0,0,0,0,0,0,0,0,0,0,0,0,0,0,0,0,0,0,0,0,0,0,0,0,0,0,0,0,0,0,0,0,0,0,0,0,0,0,0,0,0,0,0,0,0,0,0,0,10021702,0,0,0,0,0,0,0,ゴーレム化したマリオネット,0,1,0,
29009400,0,10022000,スーパーマリオネット·タイニー,MARIONETTE,9800,30,30,0,0,-1,-1,0,0,0,0,0,0,0,0,30,0,0,0,0,8015,0,0,0,0,0,SELF,NONE,0,0,0,0,0,0,0,0,0,0,0,0,0,0,0,0,0,0,0,0,0,0,0,0,0,0,0,0,0,0,0,0,0,0,0,0,0,0,0,0,0,0,0,0,0,0,0,0,0,0,0,0,1,1,1,0,1,1,0,0,0,0,0,0,0,0,0,1,1,1,1,1,1,1,1,1,1,1,1,1,1,1,1,1,1,1,1,1,1,1,1,1,1,1,1,1,1,1,1,1,1,1,1,1,1,1,1,1,1,1,1,1,1,1,1,1,1,1,1,10022001,0,0,0,0,0,0,0,マリオネットの完成体,0,1,0,
29009401,0,10022050,スーパーゴーレム·タイニー,GOLEM,10,30,30,0,0,-1,-1,0,0,0,0,0,0,0,0,50,0,0,0,0,8015,0,0,0,0,0,SELF,NONE,0,0,0,0,0,0,0,0,0,0,0,0,0,0,0,0,0,0,0,0,0,0,0,0,0,0,0,0,0,0,0,0,0,0,0,0,0,0,0,0,0,0,0,0,0,0,0,0,0,0,0,0,0,0,0,0,0,0,0,0,0,0,0,0,0,0,0,0,0,0,0,0,0,0,0,0,0,0,0,0,0,0,0,0,0,0,0,0,0,0,0,0,0,0,0,0,0,0,0,0,0,0,0,0,0,0,0,0,0,0,0,0,0,0,0,0,0,0,0,10022001,0,0,0,0,0,0,0,ゴーレム化したマリオネット,0,1,0,
29009500,0,10027000,スーパーマリオネット·ピーノ,MARIONETTE,3600,60,60,0,0,-1,-1,0,0,0,0,0,0,0,0,30,0,0,0,0,8015,0,0,0,0,0,SELF,NONE,0,0,0,0,0,0,0,0,0,0,0,0,0,0,0,0,0,0,0,0,0,0,0,0,0,0,0,0,0,0,0,0,0,0,0,0,0,0,0,0,0,0,0,0,0,0,0,0,0,0,0,0,1,1,1,0,1,1,0,0,0,0,0,0,0,0,0,1,1,1,1,1,1,1,1,1,1,1,1,1,1,1,1,1,1,1,1,1,1,1,1,1,1,1,1,1,1,1,1,1,1,1,1,1,1,1,1,1,1,1,1,1,1,1,1,1,1,1,1,10027002,0,0,0,0,0,0,0,マリオネットの完成体,0,1,0,
29009501,0,10027050,スーパーゴーレム·ピーノ,GOLEM,10,60,60,0,0,-1,-1,0,0,0,0,0,0,0,0,50,0,0,0,0,8015,0,0,0,0,0,SELF,NONE,0,0,0,0,0,0,0,0,0,0,0,0,0,0,0,0,0,0,0,0,0,0,0,0,0,0,0,0,0,0,0,0,0,0,0,0,0,0,0,0,0,0,0,0,0,0,0,0,0,0,0,0,0,0,0,0,0,0,0,0,0,0,0,0,0,0,0,0,0,0,0,0,0,0,0,0,0,0,0,0,0,0,0,0,0,0,0,0,0,0,0,0,0,0,0,0,0,0,0,0,0,0,0,0,0,0,0,0,0,0,0,0,0,0,0,0,0,0,0,10027002,0,0,0,0,0,0,0,ゴーレム化したマリオネット,0,1,0,
29009600,0,29009600,中秋柚子(文旦),FOOD,0,20,10,0,0,-1,-1,0,0,0,0,1,0,1,0,0,0,0,0,0,4119,0,0,0,0,0,SELF,NONE,4,0,0,0,1500,0,30,30,30,0,0,0,0,0,0,0,0,0,0,0,0,0,0,0,0,0,0,0,0,0,0,0,0,0,0,0,0,0,0,0,0,0,0,0,0,0,0,0,0,0,0,0,0,0,0,0,0,0,0,0,0,0,0,0,0,0,0,0,0,0,0,0,0,0,0,0,0,0,0,0,0,0,0,0,0,0,0,0,0,0,0,0,0,0,0,0,0,0,0,0,0,0,0,0,0,0,0,0,0,0,0,0,0,0,0,0,0,0,0,0,0,0,0,0,0,0,0,食べ物$R香港·台湾用アイテム$R食べるとHP、SP、MPが回復する,0,1,0,
29009700,0,29009700,泰迪月餅,FOOD,100,20,20,0,0,-1,-1,0,0,0,0,1,0,1,0,0,0,0,0,0,4119,0,0,0,0,0,SELF,CIRCLE,-1,0,3,0,1500,0,100,0,0,0,0,0,0,0,0,0,0,0,0,0,0,0,0,0,0,0,0,0,0,0,0,0,0,0,0,0,0,0,0,0,0,0,0,0,0,0,0,0,0,0,0,0,0,0,0,0,0,0,0,0,0,0,0,0,0,0,0,0,0,0,0,0,0,0,0,0,0,0,0,0,0,0,0,0,0,0,0,0,0,0,0,0,0,0,0,0,0,0,0,0,0,0,0,0,0,0,0,0,0,0,0,0,0,0,0,0,0,0,0,0,0,0,0,0,0,0,0,食べ物$R香港·台湾用アイテム$R周囲の人々も回復する$Rお月様にお供え,0,0,0,
29009800,0,10055700,貫禄の証 30分券,USE,0,0,0,0,0,-1,-1,0,0,0,0,1,0,0,0,0,0,0,0,90000187,0,0,0,0,0,0,SELF,NONE,-1,0,0,0,0,0,0,0,0,0,0,0,0,0,0,0,0,0,0,0,0,0,0,0,0,0,0,0,0,0,0,0,0,0,0,0,0,0,0,0,0,0,0,0,0,0,0,0,0,0,0,0,0,0,0,0,0,0,0,0,0,0,0,0,0,0,0,0,0,0,0,0,0,0,0,0,0,0,0,0,0,0,0,0,0,0,0,0,0,0,0,0,0,0,0,0,0,0,0,0,0,0,0,0,0,0,0,0,0,0,0,0,0,0,0,0,0,0,0,0,0,0,0,0,0,0,0,playerが獲得する経験値 + job経験値を$R30分間 2倍獲得$R(quest補償 経験値を除く),0,0,0,
29009900,0,10055700,貫禄の証 1時間券,USE,0,0,0,0,0,-1,-1,0,0,0,0,1,0,0,0,0,0,0,0,90000188,0,0,0,0,0,0,SELF,NONE,-1,0,0,0,0,0,0,0,0,0,0,0,0,0,0,0,0,0,0,0,0,0,0,0,0,0,0,0,0,0,0,0,0,0,0,0,0,0,0,0,0,0,0,0,0,0,0,0,0,0,0,0,0,0,0,0,0,0,0,0,0,0,0,0,0,0,0,0,0,0,0,0,0,0,0,0,0,0,0,0,0,0,0,0,0,0,0,0,0,0,0,0,0,0,0,0,0,0,0,0,0,0,0,0,0,0,0,0,0,0,0,0,0,0,0,0,0,0,0,0,0,0,0,0,0,0,0,playerが獲得する経験値 + job 経験値を$R60分間 2倍獲得$R(quest補償 経験値を除く),0,0,0,
29010000,0,10055700,貫禄の証 2時間券,USE,0,0,0,0,0,-1,-1,0,0,0,0,1,0,0,0,0,0,0,0,90000189,0,0,0,0,0,0,SELF,NONE,-1,0,0,0,0,0,0,0,0,0,0,0,0,0,0,0,0,0,0,0,0,0,0,0,0,0,0,0,0,0,0,0,0,0,0,0,0,0,0,0,0,0,0,0,0,0,0,0,0,0,0,0,0,0,0,0,0,0,0,0,0,0,0,0,0,0,0,0,0,0,0,0,0,0,0,0,0,0,0,0,0,0,0,0,0,0,0,0,0,0,0,0,0,0,0,0,0,0,0,0,0,0,0,0,0,0,0,0,0,0,0,0,0,0,0,0,0,0,0,0,0,0,0,0,0,0,0,playerが獲得する経験値 + job 経験値を$R120分間 2倍獲得$R(quest補償 経験値を除く),0,0,0,
29010100,0,29010100,PET BOX,USE,0,20,20,0,0,-1,-1,0,0,0,0,1,0,0,0,0,0,0,0,90000202,0,0,0,0,0,0,SELF,NONE,-1,0,0,0,0,0,0,0,0,0,0,0,0,0,0,0,0,0,0,0,0,0,0,0,0,0,0,0,0,0,0,0,0,0,0,0,0,0,0,0,0,0,0,0,0,0,0,0,0,0,0,0,0,0,0,0,0,0,0,0,0,0,0,0,0,0,0,0,0,0,0,0,0,0,0,0,0,0,0,0,0,0,0,0,0,0,0,0,0,0,0,0,0,0,0,0,0,0,0,0,0,0,0,0,0,0,0,0,0,0,0,0,0,0,0,0,0,0,0,0,0,0,0,0,0,0,0,ペットをランダムで取得,0,1,0,
29010200,0,29010200,復活ポーション,NONE,0,10,10,0,0,-1,-1,0,0,0,0,1,0,0,0,0,0,0,0,0,0,0,0,0,0,0,SELF,NONE,-1,0,0,0,0,0,0,0,0,0,0,0,0,0,0,0,0,0,0,0,0,0,0,0,0,0,0,0,0,0,0,0,0,0,0,0,0,0,0,0,0,0,0,0,0,0,0,0,0,0,0,0,0,0,0,0,0,0,0,0,0,0,0,0,0,0,0,0,0,0,0,0,0,0,0,0,0,0,0,0,0,0,0,0,0,0,0,0,0,0,0,0,0,0,0,0,0,0,0,0,0,0,0,0,0,0,0,0,0,0,0,0,0,0,0,0,0,0,0,0,0,0,0,0,0,0,0,持っていると、$R戦闘不能になったその場で復活,0,1,0,
29010300,0,29010300,キャスティングポーション,USE,0,10,10,0,0,-1,-1,0,0,0,0,1,0,0,0,0,0,0,0,90000190,0,0,0,0,0,0,SELF,NONE,-1,0,0,0,1500,0,0,0,0,0,0,0,0,0,0,0,0,0,0,0,0,0,0,0,0,0,0,0,0,0,0,0,0,0,10,0,0,0,0,0,0,0,0,0,0,0,0,0,0,0,0,0,0,0,0,0,0,0,0,0,0,0,0,0,0,0,0,0,0,0,0,0,0,0,0,0,0,0,0,0,0,0,0,0,0,0,0,0,0,0,0,0,0,0,0,0,0,0,0,0,0,0,0,0,0,0,0,0,0,0,0,0,0,0,0,0,0,0,0,0,0,0,0,0,0,0,0,60分間、個人のポーションと$R魔法のキャスティング速度 10% 短縮,0,1,0,
29010400,0,29010400,万能回復薬,POTION,0,10,10,0,0,-1,-1,0,0,0,0,1,0,1,0,0,0,0,0,0,0,0,0,0,0,0,SELF,NONE,-1,0,0,0,0,0,999,999,999,0,0,0,0,0,0,0,0,0,0,0,0,0,0,0,0,0,0,0,0,0,0,0,0,0,0,0,0,0,0,0,0,0,0,0,0,0,0,0,0,0,0,0,0,0,0,0,0,0,0,0,0,0,0,0,0,0,0,0,0,0,0,0,0,0,0,0,0,0,0,0,0,0,0,0,0,0,0,0,0,0,0,0,0,0,0,0,0,0,0,0,0,0,0,0,0,0,0,0,0,0,0,0,0,0,0,0,0,0,0,0,0,0,0,0,0,0,0,HP、MP、SPを回復,0,1,0,
29010500,0,29010500,安心お守り,NONE,0,10,10,0,0,-1,-1,0,0,0,0,1,0,0,0,0,0,0,0,0,0,0,0,0,0,0,SELF,NONE,-1,0,0,0,0,0,0,0,0,0,0,0,0,0,0,0,0,0,0,0,0,0,0,0,0,0,0,0,0,0,0,0,0,0,0,0,0,0,0,0,0,0,0,0,0,0,0,0,0,0,0,0,0,0,0,0,0,0,0,0,0,0,0,0,0,0,0,0,0,0,0,0,0,0,0,0,0,0,0,0,0,0,0,0,0,0,0,0,0,0,0,0,0,0,0,0,0,0,0,0,0,0,0,0,0,0,0,0,0,0,0,0,0,0,0,0,0,0,0,0,0,0,0,0,0,0,0,その場所で復活 + death penalty無し,0,1,0,
29010600,0,29010600,どこでもメッセージ,USE,0,10,10,0,0,-1,-1,0,0,0,0,1,0,0,0,0,0,0,0,90000201,0,0,0,0,0,0,SELF,NONE,-1,0,0,0,0,0,0,0,0,0,0,0,0,0,0,0,0,0,0,0,0,0,0,0,0,0,0,0,0,0,0,0,0,0,0,0,0,0,0,0,0,0,0,0,0,0,0,0,0,0,0,0,0,0,0,0,0,0,0,0,0,0,0,0,0,0,0,0,0,0,0,0,0,0,0,0,0,0,0,0,0,0,0,0,0,0,0,0,0,0,0,0,0,0,0,0,0,0,0,0,0,0,0,0,0,0,0,0,0,0,0,0,0,0,0,0,0,0,0,0,0,0,0,0,0,0,0,現在ログインしているワールドで$R管理されている全マップに$Rメッセージを送る,0,1,0,
29010700,29010700,29010700,Muay Thai Suit(Upper),ARMOR_UPPER,0,60,40,20,0,10047820,-1,0,0,0,0,0,0,0,0,15,0,0,0,0,0,0,0,0,0,0,NONE,NONE,0,0,0,0,0,0,50,0,0,0,0,0,1,0,0,0,0,0,0,0,0,0,0,0,10,5,0,0,0,0,0,0,0,0,0,0,0,0,0,0,0,0,0,0,0,0,0,0,0,0,0,0,1,1,1,0,1,1,12,0,0,0,0,0,0,0,0,1,1,1,1,1,1,1,1,1,1,1,1,1,1,1,1,1,1,1,1,1,1,1,1,1,1,1,1,1,1,1,1,1,1,1,1,1,1,1,1,1,1,1,1,1,1,1,1,1,1,1,1,0,0,0,0,0,0,0,0,上半身装備$Rムエタイ,0,0,12,
29010800,29010800,29010800,Muay Thai Suit(Lower),LONGBOOTS,0,50,30,10,0,10047820,-1,0,0,0,0,0,0,0,0,15,0,0,0,0,0,0,0,0,0,0,NONE,NONE,0,0,0,0,0,0,50,0,0,0,0,0,1,0,0,0,0,0,0,0,0,0,0,0,1,1,0,0,0,0,0,0,0,0,0,0,0,0,0,0,0,0,0,0,0,0,0,0,0,0,0,0,1,1,1,0,1,1,12,0,0,0,0,0,0,0,0,1,1,1,1,1,1,1,1,1,1,1,1,1,1,1,1,1,1,1,1,1,1,1,1,1,1,1,1,1,1,1,1,1,1,1,1,1,1,1,1,1,1,1,1,1,1,1,1,1,1,1,1,0,0,0,0,0,0,0,0,下半身装備$Rムエタイ,0,0,12,
29010900,29010900,29010900,Jasmine brooch,ACCESORY_NECK,0,17,17,10,0,10047800,-1,0,0,0,0,0,0,0,0,10,0,0,0,0,0,0,0,0,0,0,NONE,NONE,0,0,0,0,0,0,0,0,0,0,0,0,0,1,1,0,0,0,0,0,0,0,0,0,0,0,0,0,0,0,0,0,0,0,0,0,0,0,0,0,0,0,0,0,0,0,0,0,0,0,0,0,1,1,1,0,1,1,12,0,0,0,0,0,0,0,0,1,1,1,1,1,1,1,1,1,1,1,1,1,1,1,1,1,1,1,1,1,1,1,1,1,1,1,1,1,1,1,1,1,1,1,1,1,1,1,1,1,1,1,1,1,0,0,1,1,1,1,1,0,0,0,0,0,0,0,0,頭装備$Rジャスミンブローチ,0,0,12,
29011000,29011000,29011000,Jasmine Headband,HELM,0,21,14,10,0,10047800,-1,0,0,0,0,0,0,0,0,10,0,0,0,0,0,0,0,0,0,0,NONE,NONE,0,0,0,0,0,0,0,0,0,0,0,0,0,0,0,0,0,0,0,0,0,0,0,0,0,4,0,0,0,0,0,0,0,0,0,0,0,0,0,0,0,0,0,0,0,0,0,0,0,0,0,0,1,1,1,0,1,1,12,0,0,0,0,0,0,0,0,1,1,1,1,1,1,1,1,1,1,1,1,1,1,1,1,1,1,1,1,1,1,1,1,1,1,1,1,1,1,1,1,1,1,1,1,1,1,1,1,1,1,1,1,1,1,1,1,1,1,1,1,0,0,0,0,0,0,0,0,頭部装備$Rジャスミン髪飾り,0,0,1,
29011100,0,29011100,Jasmine medicine (Event),NONE,0,10,10,0,0,-1,-1,0,0,0,0,1,0,0,0,0,0,0,0,0,0,0,0,0,0,0,NONE,NONE,0,0,0,0,0,0,0,0,0,0,0,0,0,0,0,0,0,0,0,0,0,0,0,0,0,0,0,0,0,0,0,0,0,0,0,0,0,0,0,0,0,0,0,0,0,0,0,0,0,0,0,0,0,0,0,0,0,0,0,0,0,0,0,0,0,0,0,0,0,0,0,0,0,0,0,0,0,0,0,0,0,0,0,0,0,0,0,0,0,0,0,0,0,0,0,0,0,0,0,0,0,0,0,0,0,0,0,0,0,0,0,0,0,0,0,0,0,0,0,0,0,0,0,0,0,0,0,イベントアイテム,0,1,0,
29011200,0,29011200,Special Jasmine medicine (Event),NONE,0,10,10,0,0,-1,-1,0,0,0,0,1,0,0,0,0,0,0,0,0,0,0,0,0,0,0,NONE,NONE,0,0,0,0,0,0,0,0,0,0,0,0,0,0,0,0,0,0,0,0,0,0,0,0,0,0,0,0,0,0,0,0,0,0,0,0,0,0,0,0,0,0,0,0,0,0,0,0,0,0,0,0,0,0,0,0,0,0,0,0,0,0,0,0,0,0,0,0,0,0,0,0,0,0,0,0,0,0,0,0,0,0,0,0,0,0,0,0,0,0,0,0,0,0,0,0,0,0,0,0,0,0,0,0,0,0,0,0,0,0,0,0,0,0,0,0,0,0,0,0,0,0,0,0,0,0,0,イベントアイテム,0,1,0,
29011300,0,29011300,Special Jasmine (Leaft) (Event),NONE,0,10,10,0,0,-1,-1,0,0,0,0,1,0,0,0,0,0,0,0,0,0,0,0,0,0,0,NONE,NONE,0,0,0,0,0,0,0,0,0,0,0,0,0,0,0,0,0,0,0,0,0,0,0,0,0,0,0,0,0,0,0,0,0,0,0,0,0,0,0,0,0,0,0,0,0,0,0,0,0,0,0,0,0,0,0,0,0,0,0,0,0,0,0,0,0,0,0,0,0,0,0,0,0,0,0,0,0,0,0,0,0,0,0,0,0,0,0,0,0,0,0,0,0,0,0,0,0,0,0,0,0,0,0,0,0,0,0,0,0,0,0,0,0,0,0,0,0,0,0,0,0,0,0,0,0,0,0,イベントアイテム,0,1,0,
29011400,0,29011400,Special Mushroom Soup (Quest),FOOD,0,25,25,0,0,-1,-1,0,0,0,0,1,0,1,0,0,0,0,0,0,0,0,0,0,0,0,SELF,NONE,4,0,0,0,500,0,300,50,50,0,0,0,0,0,0,0,0,0,0,0,0,0,0,0,0,0,0,0,0,0,0,0,0,0,0,0,0,0,0,0,0,0,0,0,0,0,0,0,0,0,0,0,0,0,0,0,0,0,0,0,0,0,0,0,0,0,0,0,0,0,0,0,0,0,0,0,0,0,0,0,0,0,0,0,0,0,0,0,0,0,0,0,0,0,0,0,0,0,0,0,0,0,0,0,0,0,0,0,0,0,0,0,0,0,0,0,0,0,0,0,0,,,,,,,食べ物$ROlanがお母さんのために作った$R特別キノコスープ,0,0,0,
29011500,0,29011500,Special Stew (Quest),FOOD,0,25,25,0,0,-1,-1,0,0,0,0,1,0,1,0,0,0,0,0,0,0,0,0,0,0,0,SELF,NONE,4,0,0,0,500,0,200,100,100,0,0,0,0,0,0,0,0,0,0,0,0,0,0,0,0,0,0,0,0,0,0,0,0,0,0,0,0,0,0,0,0,0,0,0,0,0,0,0,0,0,0,0,0,0,0,0,0,0,0,0,0,0,0,0,0,0,0,0,0,0,0,0,0,0,0,0,0,0,0,0,0,0,0,0,0,0,0,0,0,0,0,0,0,0,0,0,0,0,0,0,0,0,0,0,0,0,0,0,0,0,0,0,0,0,0,0,0,0,0,0,0,,,,,,,食べ物$ROlanがお母さんのために作った$R特別シチュー,0,0,0,
29011600,0,29011600,Special Dessert (Quest),FOOD,0,15,15,0,0,-1,-1,0,0,0,0,1,0,1,0,0,0,0,0,0,0,0,0,0,0,0,SELF,NONE,4,0,0,0,500,0,100,100,100,0,0,0,0,0,0,0,0,0,0,0,0,0,0,0,0,0,0,0,0,0,0,0,0,0,0,0,0,0,0,0,0,0,0,0,0,0,0,0,0,0,0,0,0,0,0,0,0,0,0,0,0,0,0,0,0,0,0,0,0,0,0,0,0,0,0,0,0,0,0,0,0,0,0,0,0,0,0,0,0,0,0,0,0,0,0,0,0,0,0,0,0,0,0,0,0,0,0,0,0,0,0,0,0,0,0,0,0,0,0,0,0,,,,,,,食べ物$ROlanがお母さんのために作った$R特別デザート,0,0,0,
29011700,0,29011700,Special Jasmine (Stem) (Event),NONE,0,10,10,0,0,-1,-1,0,0,0,0,1,0,0,0,0,0,0,0,0,0,0,0,0,0,0,NONE,NONE,0,0,0,0,0,0,0,0,0,0,0,0,0,0,0,0,0,0,0,0,0,0,0,0,0,0,0,0,0,0,0,0,0,0,0,0,0,0,0,0,0,0,0,0,0,0,0,0,0,0,0,0,0,0,0,0,0,0,0,0,0,0,0,0,0,0,0,0,0,0,0,0,0,0,0,0,0,0,0,0,0,0,0,0,0,0,0,0,0,0,0,0,0,0,0,0,0,0,0,0,0,0,0,0,0,0,0,0,0,0,0,0,0,0,0,0,0,0,0,0,0,0,0,0,0,0,0,イベントアイテム,0,1,0,
29011800,0,29011800,Umil's letter (Quest),NONE,0,10,10,0,0,-1,-1,0,0,0,0,1,0,0,0,0,0,0,0,0,0,0,0,0,0,0,NONE,NONE,0,0,0,0,0,0,0,0,0,0,0,0,0,0,0,0,0,0,0,0,0,0,0,0,0,0,0,0,0,0,0,0,0,0,0,0,0,0,0,0,0,0,0,0,0,0,0,0,0,0,0,0,0,0,0,0,0,0,0,0,0,0,0,0,0,0,0,0,0,0,0,0,0,0,0,0,0,0,0,0,0,0,0,0,0,0,0,0,0,0,0,0,0,0,0,0,0,0,0,0,0,0,0,0,0,0,0,0,0,0,0,0,0,0,0,0,0,0,0,0,0,,,,,,,お母さんに送るUmilの手紙,0,0,0,
29011900,0,29011900,Special Jasmine (Blossom) (Event),NONE,0,10,10,0,0,-1,-1,0,0,0,0,1,0,0,0,0,0,0,0,0,0,0,0,0,0,0,NONE,NONE,0,0,0,0,0,0,0,0,0,0,0,0,0,0,0,0,0,0,0,0,0,0,0,0,0,0,0,0,0,0,0,0,0,0,0,0,0,0,0,0,0,0,0,0,0,0,0,0,0,0,0,0,0,0,0,0,0,0,0,0,0,0,0,0,0,0,0,0,0,0,0,0,0,0,0,0,0,0,0,0,0,0,0,0,0,0,0,0,0,0,0,0,0,0,0,0,0,0,0,0,0,0,0,0,0,0,0,0,0,0,0,0,0,0,0,0,0,0,0,0,0,0,0,0,0,0,0,イベントアイテム,0,1,0,
29012000,0,10020710,MMの紹介状,NONE,0,30,50,0,0,-1,-1,0,0,0,0,1,0,0,0,0,0,0,0,0,0,0,0,0,0,0,NONE,NONE,0,0,0,0,0,0,0,0,0,0,0,0,0,0,0,0,0,0,0,0,0,0,0,0,0,0,0,0,0,0,0,0,0,0,0,0,0,0,0,0,0,0,0,0,0,0,0,0,0,0,0,0,0,0,0,0,0,0,0,0,0,0,0,0,0,0,0,0,0,0,0,0,0,0,0,0,0,0,0,0,0,0,0,0,0,0,0,0,0,0,0,0,0,0,0,0,0,0,0,0,0,0,0,0,0,0,0,0,0,0,0,0,0,0,0,0,0,0,0,0,0,0,0,0,0,0,0,女性専用$Rヘアサロンへ持っていくと髪型を$R「MMスタイル」にしてくれる,0,1,0,
29012100,0,10020710,Hの紹介状,NONE,0,30,50,0,0,-1,-1,0,0,0,0,1,0,0,0,0,0,0,0,0,0,0,0,0,0,0,NONE,NONE,0,0,0,0,0,0,0,0,0,0,0,0,0,0,0,0,0,0,0,0,0,0,0,0,0,0,0,0,0,0,0,0,0,0,0,0,0,0,0,0,0,0,0,0,0,0,0,0,0,0,0,0,0,0,0,0,0,0,0,0,0,0,0,0,0,0,0,0,0,0,0,0,0,0,0,0,0,0,0,0,0,0,0,0,0,0,0,0,0,0,0,0,0,0,0,0,0,0,0,0,0,0,0,0,0,0,0,0,0,0,0,0,0,0,0,0,0,0,0,0,0,0,0,0,0,0,0,女性専用$Rヘアサロンへ持っていくと髪型を$R「Hスタイル」にしてくれる,0,1,0,
29012200,0,10020710,火侍の紹介状,NONE,0,30,50,0,0,-1,-1,0,0,0,0,1,0,0,0,0,0,0,0,0,0,0,0,0,0,0,NONE,NONE,0,0,0,0,0,0,0,0,0,0,0,0,0,0,0,0,0,0,0,0,0,0,0,0,0,0,0,0,0,0,0,0,0,0,0,0,0,0,0,0,0,0,0,0,0,0,0,0,0,0,0,0,0,0,0,0,0,0,0,0,0,0,0,0,0,0,0,0,0,0,0,0,0,0,0,0,0,0,0,0,0,0,0,0,0,0,0,0,0,0,0,0,0,0,0,0,0,0,0,0,0,0,0,0,0,0,0,0,0,0,0,0,0,0,0,0,0,0,0,0,0,0,0,0,0,0,0,女性専用$Rヘアサロンへ持っていくと髪型を$R「サムライファイアスタイル」にしてくれる,0,1,0,
29012300,0,10020710,風侍の紹介状,NONE,0,30,50,0,0,-1,-1,0,0,0,0,1,0,0,0,0,0,0,0,0,0,0,0,0,0,0,NONE,NONE,0,0,0,0,0,0,0,0,0,0,0,0,0,0,0,0,0,0,0,0,0,0,0,0,0,0,0,0,0,0,0,0,0,0,0,0,0,0,0,0,0,0,0,0,0,0,0,0,0,0,0,0,0,0,0,0,0,0,0,0,0,0,0,0,0,0,0,0,0,0,0,0,0,0,0,0,0,0,0,0,0,0,0,0,0,0,0,0,0,0,0,0,0,0,0,0,0,0,0,0,0,0,0,0,0,0,0,0,0,0,0,0,0,0,0,0,0,0,0,0,0,0,0,0,0,0,0,女性専用$Rヘアサロンへ持っていくと髪型を$R「サムライウィンドスタイル」にしてくれる,0,1,0,
29012400,29012400,29012400,Nurse One Piece(w),ONEPIECE,0,56,84,50,0,10047820,-1,0,0,0,0,0,0,0,0,15,0,0,0,0,0,0,0,0,0,0,NONE,NONE,0,0,0,0,0,0,0,0,0,0,0,0,0,0,0,0,0,0,0,0,0,0,0,0,4,4,0,0,0,0,0,0,0,0,0,0,0,0,0,0,0,0,0,0,0,0,0,0,0,0,0,0,1,1,1,0,0,1,1,0,0,0,0,0,0,0,0,1,1,1,1,1,1,1,1,1,1,1,1,1,1,1,1,1,1,1,1,1,1,1,1,1,1,1,1,1,1,1,1,1,1,1,1,1,1,1,1,1,1,1,1,1,1,1,1,1,1,1,1,0,0,0,0,0,0,0,0,全身装備、女性専用$Rいわゆるナース服,0,1,1,
29012500,29012500,29012500,Nurse Boots(w),BOOTS,0,56,56,25,0,10047840,-1,0,0,0,0,0,0,0,0,10,0,0,0,0,0,0,0,0,0,0,NONE,NONE,0,0,0,0,0,0,0,0,0,0,0,0,0,0,0,0,0,0,0,0,0,0,0,0,3,3,0,0,0,0,0,0,0,0,0,0,0,0,0,0,0,0,0,0,0,0,0,0,0,0,0,0,1,1,1,0,0,1,1,0,0,0,0,0,0,0,0,1,1,1,1,1,1,1,1,1,1,1,1,1,1,1,1,1,1,1,1,1,1,1,1,1,1,1,1,1,1,1,1,1,1,1,1,1,1,1,1,1,1,1,1,1,1,1,1,1,1,1,1,0,0,0,0,0,0,0,0,靴装備、女性専用$Rいわゆるナースの靴,0,1,1,
29012600,29012600,29012600,Nurse Hat(w),ACCESORY_HEAD,0,14,28,15,0,10047810,-1,0,0,0,0,0,0,0,0,3,0,0,0,0,0,0,0,0,0,0,NONE,NONE,0,0,0,0,0,0,0,0,0,0,0,0,0,0,0,0,0,0,0,0,0,0,0,0,1,1,0,0,0,0,0,0,0,0,0,0,0,0,0,0,0,0,0,0,0,0,0,0,0,0,0,0,1,1,1,0,0,1,1,0,0,0,0,0,0,0,0,1,1,1,1,1,1,1,1,1,1,1,1,1,1,1,1,1,1,1,1,1,1,1,1,1,1,1,1,1,1,1,1,1,1,1,1,1,1,1,1,1,1,1,1,1,1,1,1,1,1,1,1,0,0,0,0,0,0,0,0,頭部アクセサリー装備$R女性専用$Rいわゆるナースキャップ,0,1,1,
29012700,29012700,29012700,Nurse Bag-Left Hand,LEFT_HANDBAG,0,56,56,25,0,10047820,-1,0,0,0,0,0,0,0,0,20,0,0,0,0,0,0,0,0,0,0,NONE,NONE,1,0,0,0,0,0,0,0,0,250,500,0,0,0,0,0,0,0,0,0,4,4,4,0,0,0,0,0,0,0,0,0,0,0,0,0,0,0,0,0,0,0,0,0,0,0,0,0,0,0,0,0,1,1,1,0,0,1,1,0,0,0,0,0,0,0,0,0,0,0,0,0,0,0,0,0,0,0,0,0,0,0,0,0,0,0,0,0,0,0,0,0,1,1,1,1,1,1,1,1,1,1,1,1,1,1,1,1,1,1,1,1,1,1,1,1,1,1,1,0,0,15,0,0,0,0,0,左手用手持ちカバン$R女性専用$Rナースの鞄$RITEMのLEFT部分が増える,0,1,1,
29012800,29012800,29012800,Nurse Necklace,ACCESORY_NECK,0,7,14,10,0,10047800,-1,0,0,0,0,0,0,0,0,5,0,0,0,0,0,0,0,0,0,0,NONE,NONE,0,0,0,0,0,0,0,0,0,0,0,0,0,0,0,0,0,1,0,0,0,0,0,0,1,1,0,0,0,0,0,0,0,0,0,0,0,0,0,0,0,0,0,0,0,0,0,0,0,0,0,0,1,1,1,0,0,1,1,0,0,0,0,0,0,0,0,1,1,1,1,1,1,1,1,1,1,1,1,1,1,1,1,1,1,1,1,1,1,1,1,1,1,1,1,1,1,1,1,1,1,1,1,1,1,1,1,1,1,1,1,1,0,0,1,1,1,1,1,0,0,0,0,0,0,0,0,頭装備、女性専用$Rナースの首輪,0,1,1,
29012900,29012900,29012900,Syringe,ETC_WEAPON,0,14,14,10,0,10047800,-1,0,0,0,0,0,0,0,0,1,0,0,0,0,0,0,0,0,0,0,NONE,NONE,2,0,0,0,0,0,0,0,0,0,0,0,0,0,0,0,0,0,0,0,1,1,1,0,0,0,0,0,0,0,0,0,0,0,0,0,0,0,0,0,0,0,0,0,0,0,0,0,0,0,0,0,1,1,1,0,1,1,1,0,0,0,0,0,0,0,0,1,1,1,1,1,1,1,1,1,1,1,1,1,1,1,1,1,1,1,1,1,1,1,1,1,1,1,1,1,1,1,1,1,1,1,1,1,1,1,1,1,1,1,1,1,1,1,1,1,1,1,1,0,0,69,0,0,0,0,0,特殊な武器の一種$R大いなる力を秘めた針,0,1,1,
29013000,29013000,29013000,Heart Glasses Pink,ACCESORY_FACE,0,30,20,10,0,10047800,-1,0,0,0,0,0,0,0,0,3,0,0,0,0,0,0,0,0,0,0,NONE,NONE,0,0,0,0,0,0,0,0,0,0,0,0,0,0,0,0,0,0,0,0,0,0,0,0,1,1,0,0,0,0,0,0,0,0,0,0,0,0,0,0,0,0,0,0,0,0,0,0,0,0,0,0,1,1,1,0,1,1,1,0,0,0,0,0,0,0,0,1,1,1,1,1,1,1,1,1,1,1,1,1,1,1,1,1,1,1,1,1,1,1,1,1,1,1,1,1,1,1,1,1,1,1,1,1,1,1,1,1,1,1,1,1,1,1,1,1,1,1,1,0,0,0,0,0,0,0,0,顔装備$Rハートフレームメガネ,0,1,0,
29013100,29013100,29013100,Star Glasses Blue,ACCESORY_FACE,0,20,20,10,0,10047800,-1,0,0,0,0,0,0,0,0,3,0,0,0,0,0,0,0,0,0,0,NONE,NONE,0,0,0,0,0,0,0,0,0,0,0,0,0,0,0,0,0,0,0,0,0,0,0,0,1,1,0,0,0,0,0,0,0,0,0,0,0,0,0,0,0,0,0,0,0,0,0,0,0,0,0,0,1,1,1,0,1,1,1,0,0,0,0,0,0,0,0,1,1,1,1,1,1,1,1,1,1,1,1,1,1,1,1,1,1,1,1,1,1,1,1,1,1,1,1,1,1,1,1,1,1,1,1,1,1,1,1,1,1,1,1,1,1,1,1,1,1,1,1,0,0,0,0,0,0,0,0,顔装備$Rスターフレームメガネ,0,1,0,
29013200,29013200,29013200,Skunk Tail,BACKPACK,0,30,40,40,0,10047840,-1,0,0,0,0,0,0,0,0,10,0,0,0,0,0,0,0,0,0,0,NONE,NONE,0,0,0,0,0,0,0,0,0,0,0,0,0,0,0,0,0,0,0,0,0,0,0,0,1,1,0,0,0,0,0,0,0,0,0,0,0,0,0,0,0,0,0,0,0,0,0,0,0,0,0,0,1,1,1,0,1,1,1,0,0,0,0,0,0,0,0,1,1,1,1,1,1,1,1,1,1,1,1,1,1,1,1,1,1,1,1,1,1,1,1,1,1,1,1,1,1,1,1,1,1,1,1,1,1,1,1,1,1,1,1,1,1,1,1,1,1,1,1,0,0,0,0,0,0,0,0,しっぽ装備$Rスキンク,0,1,0,
29013300,29013300,29013300,踊り用韓服♀,WEDDING,0,150,200,100,0,10047820,-1,0,0,0,0,0,0,0,0,15,0,0,0,0,0,0,0,0,0,0,NONE,NONE,0,0,0,0,0,0,0,0,0,0,0,0,0,0,0,0,0,0,0,0,0,0,0,0,10,8,0,0,0,0,0,0,0,0,0,0,0,0,0,0,0,0,0,0,0,0,0,0,0,0,0,0,1,1,1,0,0,1,1,0,0,0,0,0,0,0,0,1,1,1,1,1,1,1,1,1,1,1,1,1,1,1,1,1,1,1,1,1,1,1,1,1,1,1,1,1,1,1,1,1,1,1,1,1,1,1,1,1,1,1,1,1,1,1,1,1,1,1,1,0,0,25,0,0,0,0,0,特殊装備、女性専用$Rチョゴリに派手な花柄の刺繍がされた女性用韓服,0,0,1,
29013400,29013400,29013400,色感の妓女帽子,HELM,0,80,80,40,0,10047820,-1,0,0,0,0,0,0,0,0,10,0,0,0,0,0,0,0,0,0,0,NONE,NONE,0,0,0,0,0,0,0,0,0,0,0,0,0,0,0,0,0,0,0,0,0,0,0,0,9,3,0,0,0,0,0,0,0,0,0,0,0,0,0,0,0,0,0,0,0,0,0,0,0,0,0,0,1,1,1,0,0,1,1,0,0,0,0,0,0,0,0,1,1,1,1,1,1,1,1,1,1,1,1,1,1,1,1,1,1,1,1,1,1,1,1,1,1,1,1,1,1,1,1,1,1,1,1,1,1,1,1,1,1,1,1,1,1,1,1,1,1,1,1,0,0,0,0,0,0,0,0,頭装備$Rチョゴリと一緒にかぶる帽子,0,0,1,
29013500,29013500,29013500,コッシン,SHOES,0,30,30,20,0,10047840,-1,0,0,0,0,0,0,0,0,10,0,0,0,0,0,0,0,0,0,0,NONE,NONE,0,0,0,0,0,0,0,0,0,0,0,0,0,0,0,0,0,0,0,0,0,0,0,0,8,6,0,0,0,0,0,0,0,0,0,0,0,0,0,0,0,0,0,0,0,0,0,0,0,0,0,0,1,1,1,0,0,1,1,0,0,0,0,0,0,0,0,1,1,1,1,1,1,1,1,1,1,1,1,1,1,1,1,1,1,1,1,1,1,1,1,1,1,1,1,1,1,1,1,1,1,1,1,1,1,1,1,1,1,1,1,1,1,1,1,1,1,1,1,0,0,0,0,0,0,0,0,靴装備$R鮮やかな刺繍がされた伝統的な履物,0,0,1,
29013600,29013600,29013600,王族の普段着,BODYSUIT,0,120,120,60,0,10047822,-1,0,0,0,0,0,0,0,0,15,0,0,0,0,0,0,0,0,0,0,NONE,NONE,0,0,0,0,0,0,0,0,0,0,0,0,0,0,0,0,0,0,0,0,0,0,0,0,9,9,0,0,0,0,0,0,0,0,0,0,0,0,0,0,0,0,0,0,0,0,0,0,0,0,0,0,1,1,1,0,1,1,1,0,0,0,0,0,0,0,0,1,1,1,1,1,1,1,1,1,1,1,1,1,1,1,1,1,1,1,1,1,1,1,1,1,1,1,1,1,1,1,1,1,1,1,1,1,1,1,1,1,1,1,1,1,1,1,1,1,1,1,1,0,0,0,0,0,0,0,0,特殊装備$R韓国の王族が普段着として着ていた服,0,0,1,
29013700,29013700,29013700,王族の王冠,ACCESORY_HEAD,0,25,25,10,0,10047820,-1,0,0,0,0,0,0,0,0,3,0,0,0,0,0,0,0,0,0,0,NONE,NONE,0,0,0,0,0,0,0,0,0,0,0,0,0,0,0,0,0,0,0,0,0,0,0,0,4,6,0,0,0,0,0,0,0,0,0,0,0,0,0,0,0,0,0,0,0,0,0,0,0,0,0,0,1,1,1,0,1,1,1,0,0,0,0,0,0,0,0,1,1,1,1,1,1,1,1,1,1,1,1,1,1,1,1,1,1,1,1,1,1,1,1,1,1,1,1,1,1,1,1,1,1,1,1,1,1,1,1,1,1,1,1,1,1,1,1,1,1,1,1,0,0,0,0,0,0,0,0,頭装備$R韓国の王族がかぶっていた王冠,0,0,1,
29013800,0,29013800,ドラゴ(白),RIDE_PET,0,100,100,0,0,-1,-1,0,0,0,0,0,0,0,0,30,0,0,0,0,0,0,0,0,0,0,NONE,NONE,0,0,0,0,0,0,0,0,0,0,250,0,0,0,0,0,0,0,0,0,0,0,0,0,0,0,0,0,0,0,0,0,0,0,0,0,0,0,0,0,0,0,0,0,0,0,0,0,0,0,0,0,1,1,1,0,1,1,0,0,0,0,0,0,0,0,0,1,1,1,1,1,1,1,1,1,1,1,1,1,1,1,1,1,1,1,1,1,1,1,1,1,1,1,1,1,1,1,1,1,1,1,1,1,1,1,1,1,1,1,1,1,1,1,1,1,1,1,1,0,19030100,31,0,0,0,0,0,PET装備$R騎乗できる地竜,0,1,0,
29013900,0,29013900,ドラゴ(緑),RIDE_PET,0,100,100,0,0,-1,-1,0,0,0,0,0,0,0,0,30,0,0,0,0,0,0,0,0,0,0,NONE,NONE,0,0,0,0,0,0,0,0,0,0,0,0,0,0,0,0,0,0,0,0,0,0,0,0,0,0,0,0,0,0,0,0,0,0,0,0,0,0,0,0,0,0,0,0,0,0,0,0,0,0,0,0,1,1,1,0,1,1,0,0,0,0,0,0,0,0,0,1,1,1,1,1,1,1,1,1,1,1,1,1,1,1,1,1,1,1,1,1,1,1,1,1,1,1,1,1,1,1,1,1,1,1,1,1,1,1,1,1,1,1,1,1,1,1,1,1,1,1,1,0,19030101,31,0,0,0,0,0,PET装備$R騎乗できる地竜,0,1,0,
29014000,0,29014000,ドラゴ(ピンク),RIDE_PET,0,100,100,0,0,-1,-1,0,0,0,0,0,0,0,0,30,0,0,0,0,0,0,0,0,0,0,NONE,NONE,0,0,0,0,0,0,0,0,0,250,250,0,0,0,0,0,0,0,0,0,0,0,0,0,0,0,0,0,0,0,0,0,0,0,0,0,0,0,0,0,0,0,0,0,0,0,0,0,0,0,0,0,1,1,1,0,1,1,0,0,0,0,0,0,0,0,0,1,1,1,1,1,1,1,1,1,1,1,1,1,1,1,1,1,1,1,1,1,1,1,1,1,1,1,1,1,1,1,1,1,1,1,1,1,1,1,1,1,1,1,1,1,1,1,1,1,1,1,1,0,19030102,31,0,0,0,0,0,PET装備$R騎乗できる地竜,0,1,0,
29014100,0,29014100,ドラゴ(紫),RIDE_PET,0,100,100,0,0,-1,-1,0,0,0,0,0,0,0,0,30,0,0,0,0,0,0,0,0,0,0,NONE,NONE,0,0,0,0,0,0,0,0,0,350,150,0,0,0,0,0,0,0,0,0,0,0,0,0,0,0,0,0,0,0,0,0,0,0,0,0,0,0,0,0,0,0,0,0,0,0,0,0,0,0,0,0,1,1,1,0,1,1,0,0,0,0,0,0,0,0,0,1,1,1,1,1,1,1,1,1,1,1,1,1,1,1,1,1,1,1,1,1,1,1,1,1,1,1,1,1,1,1,1,1,1,1,1,1,1,1,1,1,1,1,1,1,1,1,1,1,1,1,1,0,19030103,31,0,0,0,0,0,PET装備$R騎乗できる地竜,0,1,0,
29014200,0,29014200,ドラゴ(橙色),RIDE_PET,0,100,100,0,0,-1,-1,0,0,0,0,0,0,0,0,30,0,0,0,0,0,0,0,0,0,0,NONE,NONE,0,0,0,0,0,0,0,0,0,400,400,0,0,0,0,0,0,0,0,0,0,0,0,0,0,0,0,0,0,0,0,0,0,0,0,0,0,0,0,0,0,0,0,0,0,0,0,0,0,0,0,0,1,1,1,0,1,1,0,0,0,0,0,0,0,0,0,1,1,1,1,1,1,1,1,1,1,1,1,1,1,1,1,1,1,1,1,1,1,1,1,1,1,1,1,1,1,1,1,1,1,1,1,1,1,1,1,1,1,1,1,1,1,1,1,1,1,1,1,0,19030104,31,0,0,0,0,0,PET装備$R騎乗できる地竜,0,1,0,
29014300,29014300,29014300,Bear Tattoo(M),ARMOR_UPPER,0,50,30,20,0,10047820,-1,0,0,0,0,0,0,0,0,10,0,0,0,0,0,0,0,0,0,0,NONE,NONE,0,0,0,0,0,0,100,0,0,0,0,0,0,0,0,0,0,0,0,0,0,0,0,0,20,15,0,0,0,0,0,0,0,0,0,0,0,0,0,0,0,0,0,0,0,0,0,0,0,0,0,0,1,1,1,0,1,0,1,0,0,0,0,0,0,0,0,1,1,1,1,1,1,1,1,1,1,1,1,1,1,1,1,1,1,1,1,1,1,1,1,1,1,1,1,1,1,1,1,1,1,1,1,1,1,1,1,1,1,1,1,1,1,1,1,1,1,1,1,0,0,0,0,0,0,0,0,上半身装備$Rモンスタータトゥー,0,1,0,
29014400,29014400,29014400,Black Bear Tattoo(M),ARMOR_UPPER,0,50,30,20,0,10047820,-1,0,0,0,0,0,0,0,0,10,0,0,0,0,0,0,0,0,0,0,NONE,NONE,0,0,0,0,0,0,50,0,50,0,0,0,0,0,0,0,0,0,0,0,0,0,0,0,15,20,0,0,0,0,0,0,0,0,0,0,0,0,0,0,0,0,10,0,0,0,0,0,0,0,0,0,1,1,1,0,1,0,1,0,0,0,0,0,0,0,0,1,1,1,1,1,1,1,1,1,1,1,1,1,1,1,1,1,1,1,1,1,1,1,1,1,1,1,1,1,1,1,1,1,1,1,1,1,1,1,1,1,1,1,1,1,1,1,1,1,1,1,1,0,0,0,0,0,0,0,0,上半身装備$Rモンスタータトゥー,0,1,0,
29014500,29014500,29014500,Killer Beast Tattoo(M),ARMOR_UPPER,0,50,30,20,0,10047820,-1,0,0,0,0,0,0,0,0,10,0,0,0,0,0,0,0,0,0,0,NONE,NONE,0,0,0,0,0,0,100,0,0,0,0,0,0,0,0,0,0,0,0,0,0,0,0,0,20,15,0,0,0,0,0,0,0,0,0,0,0,0,0,0,0,0,0,0,0,0,0,0,0,0,0,0,1,1,1,0,1,0,1,0,0,0,0,0,0,0,0,1,1,1,1,1,1,1,1,1,1,1,1,1,1,1,1,1,1,1,1,1,1,1,1,1,1,1,1,1,1,1,1,1,1,1,1,1,1,1,1,1,1,1,1,1,1,1,1,1,1,1,1,0,0,0,0,0,0,0,0,上半身装備$Rモンスタータトゥー,0,1,0,
29014600,29014600,29014600,Meiou Tail,BACKPACK,0,30,40,40,0,10047840,-1,0,0,0,0,0,0,0,0,5,0,0,0,0,0,0,0,0,0,0,NONE,NONE,0,0,0,0,0,0,0,0,0,0,0,0,0,0,0,0,0,0,0,0,0,0,0,0,5,5,0,0,0,0,0,0,0,0,0,0,0,0,0,0,0,0,0,0,0,0,0,0,0,0,0,0,1,1,1,0,1,1,1,0,0,0,0,0,0,0,0,1,1,1,1,1,1,1,1,1,1,1,1,1,1,1,1,1,1,1,1,1,1,1,1,1,1,1,1,1,1,1,1,1,1,1,1,1,1,1,1,1,1,1,1,1,1,1,1,1,1,1,1,0,0,0,0,0,0,0,0,しっぽ装備$Rごわごわ黒い狼,0,1,0,
29014700,29014700,29014700,Star tra Hat,ACCESORY_HEAD,0,25,25,10,0,10047820,-1,0,0,0,0,0,0,0,0,3,0,0,0,0,0,0,0,0,0,0,NONE,NONE,0,0,0,0,0,0,0,0,0,0,0,0,0,0,0,0,1,1,0,0,0,0,0,0,2,2,0,0,0,0,0,0,0,0,0,0,0,0,0,0,0,0,0,0,0,0,0,0,0,0,0,0,1,1,1,0,1,1,1,0,0,0,0,0,0,0,0,1,1,1,1,1,1,1,1,1,1,1,1,1,1,1,1,1,1,1,1,1,1,1,1,1,1,1,1,1,1,1,1,1,1,1,1,1,1,1,1,1,1,1,1,1,1,1,1,1,1,1,1,0,0,0,0,0,0,0,0,頭装備$Rかかしとひよこ,0,1,0,
29014800,29014800,29014800,Alcana King Tiara,ACCESORY_HEAD,0,25,25,10,0,10047820,-1,0,0,0,0,0,0,0,0,5,0,0,0,0,0,0,0,0,0,0,NONE,NONE,0,0,0,0,0,0,0,0,0,0,0,0,0,1,1,0,0,0,0,0,0,0,0,0,3,5,0,0,0,0,0,0,0,0,0,0,0,0,0,0,0,0,0,0,0,0,0,0,0,0,0,0,1,1,1,0,1,1,1,0,0,0,0,0,0,0,0,1,1,1,1,1,1,1,1,1,1,1,1,1,1,1,1,1,1,1,1,1,1,1,1,1,1,1,1,1,1,1,1,1,1,1,1,1,1,1,1,1,1,1,1,1,1,1,1,1,1,1,1,0,0,0,0,0,0,0,0,頭装備$Rアルカナキングの王冠,0,1,0,
29014900,0,29014900,HP回復ポーション,POTION,0,20,20,0,0,-1,-1,0,0,0,0,1,0,1,0,0,0,0,0,0,4118,0,0,0,0,0,SELF,NONE,3,0,0,0,0,0,999,0,0,0,0,0,0,0,0,0,0,0,0,0,0,0,0,0,0,0,0,0,0,0,0,0,0,0,0,0,0,0,0,0,0,0,0,0,0,0,0,0,0,0,0,0,0,0,0,0,0,0,0,0,0,0,0,0,0,0,0,0,0,0,0,0,0,0,0,0,0,0,0,0,0,0,0,0,0,0,0,0,0,0,0,0,0,0,0,0,0,0,0,0,0,0,0,0,0,0,0,0,0,0,0,0,0,0,0,0,0,0,0,0,0,0,0,0,0,0,0,瓶詰めの薬$R美味過ぎてHPが回復する,0,1,0,
29015000,0,29015000,MP回復ポーション,POTION,0,20,20,0,0,-1,-1,0,0,0,0,1,0,1,0,0,0,0,0,0,4118,0,0,0,0,0,SELF,NONE,3,0,0,0,0,0,0,999,0,0,0,0,0,0,0,0,0,0,0,0,0,0,0,0,0,0,0,0,0,0,0,0,0,0,0,0,0,0,0,0,0,0,0,0,0,0,0,0,0,0,0,0,0,0,0,0,0,0,0,0,0,0,0,0,0,0,0,0,0,0,0,0,0,0,0,0,0,0,0,0,0,0,0,0,0,0,0,0,0,0,0,0,0,0,0,0,0,0,0,0,0,0,0,0,0,0,0,0,0,0,0,0,0,0,0,0,0,0,0,0,0,0,0,0,0,0,0,瓶詰めの薬$R美味過ぎてMPが回復する,0,1,0,
29015100,0,29015100,SP回復ポーション,POTION,0,20,20,0,0,-1,-1,0,0,0,0,1,0,1,0,0,0,0,0,0,4118,0,0,0,0,0,SELF,NONE,3,0,0,0,0,0,0,0,999,0,0,0,0,0,0,0,0,0,0,0,0,0,0,0,0,0,0,0,0,0,0,0,0,0,0,0,0,0,0,0,0,0,0,0,0,0,0,0,0,0,0,0,0,0,0,0,0,0,0,0,0,0,0,0,0,0,0,0,0,0,0,0,0,0,0,0,0,0,0,0,0,0,0,0,0,0,0,0,0,0,0,0,0,0,0,0,0,0,0,0,0,0,0,0,0,0,0,0,0,0,0,0,0,0,0,0,0,0,0,0,0,0,0,0,0,0,0,瓶詰めの薬$R美味過ぎてSPが回復する,0,1,0,
29015200,0,29015200,経験値アップアイテム（3倍）,USE,0,0,0,0,0,-1,-1,0,0,0,0,1,0,0,0,0,0,0,0,90000204,0,0,0,0,0,0,SELF,NONE,-1,0,0,0,0,0,0,0,0,0,0,0,0,0,0,0,0,0,0,0,0,0,0,0,0,0,0,0,0,0,0,0,0,0,0,0,0,0,0,0,0,0,0,0,0,0,0,0,0,0,0,0,0,0,0,0,0,0,0,0,0,0,0,0,0,0,0,0,0,0,0,0,0,0,0,0,0,0,0,0,0,0,0,0,0,0,0,0,0,0,0,0,0,0,0,0,0,0,0,0,0,0,0,0,0,0,0,0,0,0,0,0,0,0,0,0,0,0,0,0,0,0,0,0,0,0,0,playerが獲得する経験値 + job経験値を$R3倍獲得$R(quest補償 経験値を除く),0,1,0,
29015300,0,29015300,経験値アップアイテム（4倍）,USE,0,0,0,0,0,-1,-1,0,0,0,0,1,0,0,0,0,0,0,0,90000205,0,0,0,0,0,0,SELF,NONE,-1,0,0,0,0,0,0,0,0,0,0,0,0,0,0,0,0,0,0,0,0,0,0,0,0,0,0,0,0,0,0,0,0,0,0,0,0,0,0,0,0,0,0,0,0,0,0,0,0,0,0,0,0,0,0,0,0,0,0,0,0,0,0,0,0,0,0,0,0,0,0,0,0,0,0,0,0,0,0,0,0,0,0,0,0,0,0,0,0,0,0,0,0,0,0,0,0,0,0,0,0,0,0,0,0,0,0,0,0,0,0,0,0,0,0,0,0,0,0,0,0,0,0,0,0,0,0,playerが獲得する経験値 + job経験値を$R4倍獲得$R(quest補償 経験値を除く),0,1,0,
29015400,29015400,29007500,NVN battle champion t-shirt2(1),ARMOR_UPPER,0,100,70,35,0,10047820,-1,0,0,0,0,0,0,0,0,10,0,0,0,0,0,0,0,0,0,0,NONE,NONE,0,0,0,0,0,0,0,0,0,0,0,0,0,0,0,0,0,0,0,0,0,0,0,0,9,9,0,0,0,0,0,0,0,0,0,0,0,0,0,0,0,0,0,0,0,0,0,0,0,0,0,0,1,1,1,0,1,1,1,0,0,0,0,0,0,0,0,1,1,1,1,1,1,1,1,1,1,1,1,1,1,1,1,1,1,1,1,1,1,1,1,1,1,1,1,1,1,1,1,1,1,1,1,1,1,1,1,1,1,1,1,1,1,1,1,1,1,1,1,0,0,0,0,0,0,0,0,上半身装備$RNVNイベント優勝チーム補償$Rタイ用アイテム,0,1,1,
29015500,29015500,29007600,NVN battle champion t-shirt2(2),ARMOR_UPPER,0,100,70,35,0,10047820,-1,0,0,0,0,0,0,0,0,10,0,0,0,0,0,0,0,0,0,0,NONE,NONE,0,0,0,0,0,0,0,0,0,0,0,0,0,0,0,0,0,0,0,0,0,0,0,0,9,9,0,0,0,0,0,0,0,0,0,0,0,0,0,0,0,0,0,0,0,0,0,0,0,0,0,0,1,1,1,0,1,1,1,0,0,0,0,0,0,0,0,1,1,1,1,1,1,1,1,1,1,1,1,1,1,1,1,1,1,1,1,1,1,1,1,1,1,1,1,1,1,1,1,1,1,1,1,1,1,1,1,1,1,1,1,1,1,1,1,1,1,1,1,0,0,0,0,0,0,0,0,上半身装備$RNVNイベント優勝チーム補償$Rタイ用アイテム,0,1,1,
29015600,29015600,29007700,NVN battle champion t-shirt2(3),ARMOR_UPPER,0,100,70,35,0,10047820,-1,0,0,0,0,0,0,0,0,10,0,0,0,0,0,0,0,0,0,0,NONE,NONE,0,0,0,0,0,0,0,0,0,0,0,0,0,0,0,0,0,0,0,0,0,0,0,0,9,9,0,0,0,0,0,0,0,0,0,0,0,0,0,0,0,0,0,0,0,0,0,0,0,0,0,0,1,1,1,0,1,1,1,0,0,0,0,0,0,0,0,1,1,1,1,1,1,1,1,1,1,1,1,1,1,1,1,1,1,1,1,1,1,1,1,1,1,1,1,1,1,1,1,1,1,1,1,1,1,1,1,1,1,1,1,1,1,1,1,1,1,1,1,0,0,0,0,0,0,0,0,上半身装備$RNVNイベント優勝チーム補償$Rタイ用アイテム,0,1,1,
29015700,29015700,29007800,NVN battle t-shirt,ARMOR_UPPER,0,100,71,35,0,10047820,-1,0,0,0,0,0,0,0,0,10,0,0,0,0,0,0,0,0,0,0,NONE,NONE,0,0,0,0,0,0,0,0,0,0,0,0,0,0,0,0,0,0,0,0,0,0,0,0,9,9,0,0,0,0,0,0,0,0,0,0,0,0,0,0,0,0,0,0,0,0,0,0,0,0,0,0,1,1,1,0,1,1,1,0,0,0,0,0,0,0,0,1,1,1,1,1,1,1,1,1,1,1,1,1,1,1,1,1,1,1,1,1,1,1,1,1,1,1,1,1,1,1,1,1,1,1,1,1,1,1,1,1,1,1,1,1,1,1,1,1,1,1,1,0,0,0,0,0,0,0,0,上半身装備$RNVNイベント優勝チーム補償$Rタイ用アイテム,0,1,1,
29015800,29015800,29015800,ECO T-Shirt (Black),ARMOR_UPPER,0,100,70,35,0,10047820,-1,0,0,0,0,0,0,0,0,10,0,0,0,0,0,0,0,0,0,0,NONE,NONE,0,0,0,0,0,0,50,50,50,0,0,0,0,0,0,0,0,0,0,0,0,0,0,0,9,9,0,0,0,0,0,0,0,0,0,0,0,0,0,0,0,0,0,0,0,0,0,0,0,0,0,0,1,1,1,0,1,1,1,0,0,0,0,0,0,0,0,1,1,1,1,1,1,1,1,1,1,1,1,1,1,1,1,1,1,1,1,1,1,1,1,1,1,1,1,1,1,1,1,1,1,1,1,1,1,1,1,1,1,1,1,1,1,1,1,1,1,1,1,0,0,0,0,0,0,0,0,上半身装備$ROFFLINEEVENT$Rタイ用アイテム,0,0,1,
29015900,29015900,29015900,ECO T-Shirt (White) ,ARMOR_UPPER,0,100,70,35,0,10047820,-1,0,0,0,0,0,0,0,0,10,0,0,0,0,0,0,0,0,0,0,NONE,NONE,0,0,0,0,0,0,50,50,50,0,0,0,0,0,0,0,0,0,0,0,0,0,0,0,9,9,0,0,0,0,0,0,0,0,0,0,0,0,0,0,0,0,0,0,0,0,0,0,0,0,0,0,1,1,1,0,1,1,1,0,0,0,0,0,0,0,0,1,1,1,1,1,1,1,1,1,1,1,1,1,1,1,1,1,1,1,1,1,1,1,1,1,1,1,1,1,1,1,1,1,1,1,1,1,1,1,1,1,1,1,1,1,1,1,1,1,1,1,1,0,0,0,0,0,0,0,0,上半身装備$ROFFLINEEVENT$Rタイ用アイテム,0,0,1,
29016000,0,10055700,貫禄の証EX（3日）,USE,0,0,0,0,0,-1,-1,0,0,0,0,1,0,0,0,0,0,0,0,90000297,0,0,0,0,0,0,SELF,NONE,-1,0,0,0,0,0,0,0,0,0,0,0,0,0,0,0,0,0,0,0,0,0,0,0,0,0,0,0,0,0,0,0,0,0,0,0,0,0,0,0,0,0,0,0,0,0,0,0,0,0,0,0,0,0,0,0,0,0,0,0,0,0,0,0,0,0,0,0,0,0,0,0,0,0,0,0,0,0,0,0,0,0,0,0,0,0,0,0,0,0,0,0,0,0,0,0,0,0,0,0,0,0,0,0,0,0,0,0,0,0,0,0,0,0,0,0,0,0,0,0,0,0,0,0,0,0,0,playerが獲得する経験値 + job経験値を$R3日間 2倍獲得$R(quest補償 経験値を除く),0,1,0,
29016100,0,10055700,貫禄の証EX（7日）,USE,0,0,0,0,0,-1,-1,0,0,0,0,1,0,0,0,0,0,0,0,90000298,0,0,0,0,0,0,SELF,NONE,-1,0,0,0,0,0,0,0,0,0,0,0,0,0,0,0,0,0,0,0,0,0,0,0,0,0,0,0,0,0,0,0,0,0,0,0,0,0,0,0,0,0,0,0,0,0,0,0,0,0,0,0,0,0,0,0,0,0,0,0,0,0,0,0,0,0,0,0,0,0,0,0,0,0,0,0,0,0,0,0,0,0,0,0,0,0,0,0,0,0,0,0,0,0,0,0,0,0,0,0,0,0,0,0,0,0,0,0,0,0,0,0,0,0,0,0,0,0,0,0,0,0,0,0,0,0,0,playerが獲得する経験値 + job経験値を$R7日間 2倍獲得$R(quest補償 経験値を除く),0,1,0,
29016200,0,10055700,貫禄の証EX（30日）,USE,0,0,0,0,0,-1,-1,0,0,0,0,1,0,0,0,0,0,0,0,90000299,0,0,0,0,0,0,SELF,NONE,-1,0,0,0,0,0,0,0,0,0,0,0,0,0,0,0,0,0,0,0,0,0,0,0,0,0,0,0,0,0,0,0,0,0,0,0,0,0,0,0,0,0,0,0,0,0,0,0,0,0,0,0,0,0,0,0,0,0,0,0,0,0,0,0,0,0,0,0,0,0,0,0,0,0,0,0,0,0,0,0,0,0,0,0,0,0,0,0,0,0,0,0,0,0,0,0,0,0,0,0,0,0,0,0,0,0,0,0,0,0,0,0,0,0,0,0,0,0,0,0,0,0,0,0,0,0,0,playerが獲得する経験値 + job経験値を$R30日間 2倍獲得$R(quest補償 経験値を除く),0,1,0,
29016300,0,10055700,貫禄の証EX（90日）,USE,0,0,0,0,0,-1,-1,0,0,0,0,1,0,0,0,0,0,0,0,90000300,0,0,0,0,0,0,SELF,NONE,-1,0,0,0,0,0,0,0,0,0,0,0,0,0,0,0,0,0,0,0,0,0,0,0,0,0,0,0,0,0,0,0,0,0,0,0,0,0,0,0,0,0,0,0,0,0,0,0,0,0,0,0,0,0,0,0,0,0,0,0,0,0,0,0,0,0,0,0,0,0,0,0,0,0,0,0,0,0,0,0,0,0,0,0,0,0,0,0,0,0,0,0,0,0,0,0,0,0,0,0,0,0,0,0,0,0,0,0,0,0,0,0,0,0,0,0,0,0,0,0,0,0,0,0,0,0,0,playerが獲得する経験値 + job経験値を$R90日間 2倍獲得$R(quest補償 経験値を除く),0,1,0,
